campaign_name,dataset_name,image_name,latitude,longitude,image_url,image_width,image_height
,,,,,,,
AUV2015,r20150528_082632_wa-gb-auv-13b,PR_20150528_083339_673_FC16.png,-33.4108908,115.1752721,,1388,1038
,,,,,,,
AUV2015,r20150528_082632_wa-gb-auv-13b,PR_20150528_083340_173_FC16.png,-33.4108867,115.1752772,,1388,1038
,,,,,,,
AUV2015,r20150528_082632_wa-gb-auv-13b,PR_20150528_083340_673_FC16.png,-33.4108825,115.1752821,,1388,1038
,,,,,,,
AUV2015,r20150528_082632_wa-gb-auv-13b,PR_20150528_083341_173_FC16.png,-33.4108784,115.1752866,,1388,1038
,,,,,,,
AUV2015,r20150528_082632_wa-gb-auv-13b,PR_20150528_083341_673_FC16.png,-33.4108741,115.1752912,,1388,1038
,,,,,,,
AUV2015,r20150528_082632_wa-gb-auv-13b,PR_20150528_083342_174_FC16.png,-33.41087,115.1752958,,1388,1038
,,,,,,,
AUV2015,r20150528_082632_wa-gb-auv-13b,PR_20150528_083342_674_FC16.png,-33.4108664,115.1753011,,1388,1038
,,,,,,,
AUV2015,r20150528_082632_wa-gb-auv-13b,PR_20150528_083343_174_FC16.png,-33.4108624,115.1753056,,1388,1038
,,,,,,,
AUV2015,r20150528_082632_wa-gb-auv-13b,PR_20150528_083343_674_FC16.png,-33.4108584,115.1753095,,1388,1038
,,,,,,,
AUV2015,r20150528_082632_wa-gb-auv-13b,PR_20150528_083344_173_FC16.png,-33.4108545,115.1753135,,1388,1038
,,,,,,,
AUV2015,r20150528_082632_wa-gb-auv-13b,PR_20150528_083344_673_FC16.png,-33.4108505,115.1753168,,1388,1038
,,,,,,,
AUV2015,r20150528_082632_wa-gb-auv-13b,PR_20150528_083345_173_FC16.png,-33.4108466,115.1753199,,1388,1038
,,,,,,,
AUV2015,r20150528_082632_wa-gb-auv-13b,PR_20150528_083345_674_FC16.png,-33.4108426,115.1753228,,1388,1038
,,,,,,,
AUV2015,r20150528_082632_wa-gb-auv-13b,PR_20150528_083346_174_FC16.png,-33.4108386,115.1753254,,1388,1038
,,,,,,,
AUV2015,r20150528_082632_wa-gb-auv-13b,PR_20150528_083346_674_FC16.png,-33.4108346,115.1753277,,1388,1038
,,,,,,,
AUV2015,r20150528_082632_wa-gb-auv-13b,PR_20150528_083347_174_FC16.png,-33.4108309,115.1753298,,1388,1038
,,,,,,,
AUV2015,r20150528_082632_wa-gb-auv-13b,PR_20150528_083347_674_FC16.png,-33.4108268,115.1753319,,1388,1038
,,,,,,,
AUV2015,r20150528_082632_wa-gb-auv-13b,PR_20150528_083348_174_FC16.png,-33.4108229,115.1753338,,1388,1038
,,,,,,,
AUV2015,r20150528_082632_wa-gb-auv-13b,PR_20150528_083348_674_FC16.png,-33.4108186,115.1753357,,1388,1038
,,,,,,,
AUV2015,r20150528_082632_wa-gb-auv-13b,PR_20150528_083349_174_FC16.png,-33.4108145,115.1753373,,1388,1038
,,,,,,,
AUV2015,r20150528_082632_wa-gb-auv-13b,PR_20150528_083349_675_FC16.png,-33.4108102,115.1753395,,1388,1038
,,,,,,,
AUV2015,r20150528_082632_wa-gb-auv-13b,PR_20150528_083350_175_FC16.png,-33.4108063,115.1753414,,1388,1038
,,,,,,,
AUV2015,r20150528_082632_wa-gb-auv-13b,PR_20150528_083350_675_FC16.png,-33.4108017,115.1753441,,1388,1038
,,,,,,,
AUV2015,r20150528_082632_wa-gb-auv-13b,PR_20150528_083351_175_FC16.png,-33.4107976,115.1753465,,1388,1038
,,,,,,,
AUV2015,r20150528_082632_wa-gb-auv-13b,PR_20150528_083351_675_FC16.png,-33.4107932,115.1753497,,1388,1038
,,,,,,,
AUV2015,r20150528_082632_wa-gb-auv-13b,PR_20150528_083352_175_FC16.png,-33.4107891,115.1753528,,1388,1038
,,,,,,,
AUV2015,r20150528_082632_wa-gb-auv-13b,PR_20150528_083352_675_FC16.png,-33.4107849,115.1753568,,1388,1038
,,,,,,,
AUV2015,r20150528_082632_wa-gb-auv-13b,PR_20150528_083353_175_FC16.png,-33.4107809,115.1753606,,1388,1038
,,,,,,,
AUV2015,r20150528_082632_wa-gb-auv-13b,PR_20150528_083353_676_FC16.png,-33.4107768,115.1753652,,1388,1038
,,,,,,,
AUV2015,r20150528_082632_wa-gb-auv-13b,PR_20150528_083354_176_FC16.png,-33.410773,115.1753697,,1388,1038
,,,,,,,
AUV2015,r20150528_082632_wa-gb-auv-13b,PR_20150528_083354_676_FC16.png,-33.410769,115.1753751,,1388,1038
,,,,,,,
AUV2015,r20150528_082632_wa-gb-auv-13b,PR_20150528_083355_176_FC16.png,-33.410765,115.1753804,,1388,1038
,,,,,,,
AUV2015,r20150528_082632_wa-gb-auv-13b,PR_20150528_083355_676_FC16.png,-33.4107611,115.1753865,,1388,1038
,,,,,,,
AUV2015,r20150528_082632_wa-gb-auv-13b,PR_20150528_083356_176_FC16.png,-33.4107574,115.1753929,,1388,1038
,,,,,,,
AUV2015,r20150528_082632_wa-gb-auv-13b,PR_20150528_083356_676_FC16.png,-33.4107537,115.1753989,,1388,1038
,,,,,,,
AUV2015,r20150528_082632_wa-gb-auv-13b,PR_20150528_083357_177_FC16.png,-33.410751,115.1754065,,1388,1038
,,,,,,,
AUV2015,r20150528_082632_wa-gb-auv-13b,PR_20150528_083357_677_FC16.png,-33.4107473,115.1754119,,1388,1038
,,,,,,,
AUV2015,r20150528_082632_wa-gb-auv-13b,PR_20150528_083358_177_FC16.png,-33.4107431,115.1754168,,1388,1038
,,,,,,,
AUV2015,r20150528_082632_wa-gb-auv-13b,PR_20150528_083358_677_FC16.png,-33.4107393,115.1754209,,1388,1038
,,,,,,,
AUV2015,r20150528_082632_wa-gb-auv-13b,PR_20150528_083359_177_FC16.png,-33.4107354,115.1754259,,1388,1038
,,,,,,,
AUV2015,r20150528_082632_wa-gb-auv-13b,PR_20150528_083359_677_FC16.png,-33.4107317,115.17543,,1388,1038
,,,,,,,
AUV2015,r20150528_082632_wa-gb-auv-13b,PR_20150528_083400_177_FC16.png,-33.4107272,115.1754332,,1388,1038
,,,,,,,
AUV2015,r20150528_082632_wa-gb-auv-13b,PR_20150528_083400_677_FC16.png,-33.4107234,115.1754351,,1388,1038
,,,,,,,
AUV2015,r20150528_082632_wa-gb-auv-13b,PR_20150528_083401_178_FC16.png,-33.4107188,115.1754368,,1388,1038
,,,,,,,
AUV2015,r20150528_082632_wa-gb-auv-13b,PR_20150528_083401_678_FC16.png,-33.4107152,115.1754374,,1388,1038
,,,,,,,
AUV2015,r20150528_082632_wa-gb-auv-13b,PR_20150528_083402_178_FC16.png,-33.4107109,115.1754371,,1388,1038
,,,,,,,
AUV2015,r20150528_082632_wa-gb-auv-13b,PR_20150528_083402_678_FC16.png,-33.4107073,115.175436,,1388,1038
,,,,,,,
AUV2015,r20150528_082632_wa-gb-auv-13b,PR_20150528_083403_178_FC16.png,-33.4107035,115.1754341,,1388,1038
,,,,,,,
AUV2015,r20150528_082632_wa-gb-auv-13b,PR_20150528_083403_678_FC16.png,-33.4106999,115.1754315,,1388,1038
,,,,,,,
AUV2015,r20150528_082632_wa-gb-auv-13b,PR_20150528_083404_178_FC16.png,-33.4106965,115.1754283,,1388,1038
,,,,,,,
AUV2015,r20150528_082632_wa-gb-auv-13b,PR_20150528_083404_678_FC16.png,-33.4106933,115.1754245,,1388,1038
,,,,,,,
AUV2015,r20150528_082632_wa-gb-auv-13b,PR_20150528_083405_179_FC16.png,-33.4106904,115.1754202,,1388,1038
,,,,,,,
AUV2015,r20150528_082632_wa-gb-auv-13b,PR_20150528_083405_679_FC16.png,-33.4106873,115.1754152,,1388,1038
,,,,,,,
AUV2015,r20150528_082632_wa-gb-auv-13b,PR_20150528_083406_179_FC16.png,-33.4106848,115.17541,,1388,1038
,,,,,,,
AUV2015,r20150528_082632_wa-gb-auv-13b,PR_20150528_083406_679_FC16.png,-33.4106821,115.1754042,,1388,1038
,,,,,,,
AUV2015,r20150528_082632_wa-gb-auv-13b,PR_20150528_083407_179_FC16.png,-33.4106801,115.175399,,1388,1038
,,,,,,,
AUV2015,r20150528_082632_wa-gb-auv-13b,PR_20150528_083407_679_FC16.png,-33.4106781,115.1753931,,1388,1038
,,,,,,,
AUV2015,r20150528_082632_wa-gb-auv-13b,PR_20150528_083408_180_FC16.png,-33.4106764,115.1753877,,1388,1038
,,,,,,,
AUV2015,r20150528_082632_wa-gb-auv-13b,PR_20150528_083408_680_FC16.png,-33.4106747,115.1753816,,1388,1038
,,,,,,,
AUV2015,r20150528_082632_wa-gb-auv-13b,PR_20150528_083409_180_FC16.png,-33.4106733,115.175376,,1388,1038
,,,,,,,
AUV2015,r20150528_082632_wa-gb-auv-13b,PR_20150528_083409_680_FC16.png,-33.4106722,115.1753703,,1388,1038
,,,,,,,
AUV2015,r20150528_082632_wa-gb-auv-13b,PR_20150528_083410_180_FC16.png,-33.410671,115.1753647,,1388,1038
,,,,,,,
AUV2015,r20150528_082632_wa-gb-auv-13b,PR_20150528_083410_680_FC16.png,-33.41067,115.1753588,,1388,1038
,,,,,,,
AUV2015,r20150528_082632_wa-gb-auv-13b,PR_20150528_083411_180_FC16.png,-33.4106688,115.1753529,,1388,1038
,,,,,,,
AUV2015,r20150528_082632_wa-gb-auv-13b,PR_20150528_083411_680_FC16.png,-33.4106676,115.1753473,,1388,1038
,,,,,,,
AUV2015,r20150528_082632_wa-gb-auv-13b,PR_20150528_083412_181_FC16.png,-33.4106663,115.1753417,,1388,1038
,,,,,,,
AUV2015,r20150528_082632_wa-gb-auv-13b,PR_20150528_083412_681_FC16.png,-33.4106648,115.1753365,,1388,1038
,,,,,,,
AUV2015,r20150528_082632_wa-gb-auv-13b,PR_20150528_083413_181_FC16.png,-33.4106627,115.1753312,,1388,1038
,,,,,,,
AUV2015,r20150528_082632_wa-gb-auv-13b,PR_20150528_083413_681_FC16.png,-33.4106606,115.1753265,,1388,1038
,,,,,,,
AUV2015,r20150528_082632_wa-gb-auv-13b,PR_20150528_083414_181_FC16.png,-33.410658,115.1753216,,1388,1038
,,,,,,,
AUV2015,r20150528_082632_wa-gb-auv-13b,PR_20150528_083414_681_FC16.png,-33.4106553,115.175317,,1388,1038
,,,,,,,
AUV2015,r20150528_082632_wa-gb-auv-13b,PR_20150528_083415_182_FC16.png,-33.4106524,115.1753123,,1388,1038
,,,,,,,
AUV2015,r20150528_082632_wa-gb-auv-13b,PR_20150528_083415_682_FC16.png,-33.4106494,115.1753079,,1388,1038
,,,,,,,
AUV2015,r20150528_082632_wa-gb-auv-13b,PR_20150528_083416_182_FC16.png,-33.4106461,115.1753032,,1388,1038
,,,,,,,
AUV2015,r20150528_082632_wa-gb-auv-13b,PR_20150528_083416_682_FC16.png,-33.4106429,115.1752984,,1388,1038
,,,,,,,
AUV2015,r20150528_082632_wa-gb-auv-13b,PR_20150528_083417_182_FC16.png,-33.4106396,115.1752933,,1388,1038
,,,,,,,
AUV2015,r20150528_082632_wa-gb-auv-13b,PR_20150528_083417_682_FC16.png,-33.4106365,115.1752883,,1388,1038
,,,,,,,
AUV2015,r20150528_082632_wa-gb-auv-13b,PR_20150528_083418_183_FC16.png,-33.4106333,115.1752829,,1388,1038
,,,,,,,
AUV2015,r20150528_082632_wa-gb-auv-13b,PR_20150528_083418_683_FC16.png,-33.4106301,115.1752773,,1388,1038
,,,,,,,
AUV2015,r20150528_082632_wa-gb-auv-13b,PR_20150528_083419_183_FC16.png,-33.410627,115.1752713,,1388,1038
,,,,,,,
AUV2015,r20150528_082632_wa-gb-auv-13b,PR_20150528_083419_683_FC16.png,-33.410624,115.1752653,,1388,1038
,,,,,,,
AUV2015,r20150528_082632_wa-gb-auv-13b,PR_20150528_083420_183_FC16.png,-33.4106213,115.1752591,,1388,1038
,,,,,,,
AUV2015,r20150528_082632_wa-gb-auv-13b,PR_20150528_083420_683_FC16.png,-33.4106186,115.1752528,,1388,1038
,,,,,,,
AUV2015,r20150528_082632_wa-gb-auv-13b,PR_20150528_083421_183_FC16.png,-33.4106159,115.1752464,,1388,1038
,,,,,,,
AUV2015,r20150528_082632_wa-gb-auv-13b,PR_20150528_083421_683_FC16.png,-33.4106133,115.1752394,,1388,1038
,,,,,,,
AUV2015,r20150528_082632_wa-gb-auv-13b,PR_20150528_083422_183_FC16.png,-33.4106108,115.175233,,1388,1038
,,,,,,,
AUV2015,r20150528_082632_wa-gb-auv-13b,PR_20150528_083422_684_FC16.png,-33.4106078,115.1752262,,1388,1038
,,,,,,,
AUV2015,r20150528_082632_wa-gb-auv-13b,PR_20150528_083423_184_FC16.png,-33.4106049,115.1752198,,1388,1038
,,,,,,,
AUV2015,r20150528_082632_wa-gb-auv-13b,PR_20150528_083423_684_FC16.png,-33.4106014,115.1752136,,1388,1038
,,,,,,,
AUV2015,r20150528_082632_wa-gb-auv-13b,PR_20150528_083424_184_FC16.png,-33.4105981,115.175208,,1388,1038
,,,,,,,
AUV2015,r20150528_082632_wa-gb-auv-13b,PR_20150528_083424_684_FC16.png,-33.4105942,115.1752026,,1388,1038
,,,,,,,
AUV2015,r20150528_082632_wa-gb-auv-13b,PR_20150528_083425_184_FC16.png,-33.4105904,115.1751972,,1388,1038
,,,,,,,
AUV2015,r20150528_082632_wa-gb-auv-13b,PR_20150528_083425_684_FC16.png,-33.4105861,115.1751921,,1388,1038
,,,,,,,
AUV2015,r20150528_082632_wa-gb-auv-13b,PR_20150528_083426_184_FC16.png,-33.4105819,115.1751878,,1388,1038
,,,,,,,
AUV2015,r20150528_082632_wa-gb-auv-13b,PR_20150528_083426_684_FC16.png,-33.4105778,115.1751835,,1388,1038
,,,,,,,
AUV2015,r20150528_082632_wa-gb-auv-13b,PR_20150528_083427_185_FC16.png,-33.4105736,115.1751795,,1388,1038
,,,,,,,
AUV2015,r20150528_082632_wa-gb-auv-13b,PR_20150528_083427_685_FC16.png,-33.4105692,115.1751755,,1388,1038
,,,,,,,
AUV2015,r20150528_082632_wa-gb-auv-13b,PR_20150528_083428_185_FC16.png,-33.4105649,115.1751717,,1388,1038
,,,,,,,
AUV2015,r20150528_082632_wa-gb-auv-13b,PR_20150528_083428_685_FC16.png,-33.4105608,115.1751679,,1388,1038
,,,,,,,
AUV2015,r20150528_082632_wa-gb-auv-13b,PR_20150528_083429_185_FC16.png,-33.4105566,115.1751639,,1388,1038
,,,,,,,
AUV2015,r20150528_082632_wa-gb-auv-13b,PR_20150528_083429_685_FC16.png,-33.4105524,115.1751599,,1388,1038
,,,,,,,
AUV2015,r20150528_082632_wa-gb-auv-13b,PR_20150528_083430_185_FC16.png,-33.4105483,115.1751557,,1388,1038
,,,,,,,
AUV2015,r20150528_082632_wa-gb-auv-13b,PR_20150528_083430_685_FC16.png,-33.4105445,115.1751516,,1388,1038
,,,,,,,
AUV2015,r20150528_082632_wa-gb-auv-13b,PR_20150528_083431_186_FC16.png,-33.4105408,115.1751472,,1388,1038
,,,,,,,
AUV2015,r20150528_082632_wa-gb-auv-13b,PR_20150528_083431_686_FC16.png,-33.4105374,115.1751429,,1388,1038
,,,,,,,
AUV2015,r20150528_082632_wa-gb-auv-13b,PR_20150528_083432_186_FC16.png,-33.410534,115.1751384,,1388,1038
,,,,,,,
AUV2015,r20150528_082632_wa-gb-auv-13b,PR_20150528_083432_686_FC16.png,-33.410531,115.1751339,,1388,1038
,,,,,,,
AUV2015,r20150528_082632_wa-gb-auv-13b,PR_20150528_083433_186_FC16.png,-33.410528,115.1751291,,1388,1038
,,,,,,,
AUV2015,r20150528_082632_wa-gb-auv-13b,PR_20150528_083433_686_FC16.png,-33.4105251,115.1751243,,1388,1038
,,,,,,,
AUV2015,r20150528_082632_wa-gb-auv-13b,PR_20150528_083434_186_FC16.png,-33.4105223,115.1751193,,1388,1038
,,,,,,,
AUV2015,r20150528_082632_wa-gb-auv-13b,PR_20150528_083434_686_FC16.png,-33.4105197,115.1751143,,1388,1038
,,,,,,,
AUV2015,r20150528_082632_wa-gb-auv-13b,PR_20150528_083435_186_FC16.png,-33.4105171,115.1751094,,1388,1038
,,,,,,,
AUV2015,r20150528_082632_wa-gb-auv-13b,PR_20150528_083435_687_FC16.png,-33.4105146,115.1751044,,1388,1038
,,,,,,,
AUV2015,r20150528_082632_wa-gb-auv-13b,PR_20150528_083436_187_FC16.png,-33.4105121,115.1750995,,1388,1038
,,,,,,,
AUV2015,r20150528_082632_wa-gb-auv-13b,PR_20150528_083436_687_FC16.png,-33.4105094,115.1750944,,1388,1038
,,,,,,,
AUV2015,r20150528_082632_wa-gb-auv-13b,PR_20150528_083437_187_FC16.png,-33.4105067,115.1750895,,1388,1038
,,,,,,,
AUV2015,r20150528_082632_wa-gb-auv-13b,PR_20150528_083437_687_FC16.png,-33.410504,115.1750847,,1388,1038
,,,,,,,
AUV2015,r20150528_082632_wa-gb-auv-13b,PR_20150528_083438_187_FC16.png,-33.410501,115.1750801,,1388,1038
,,,,,,,
AUV2015,r20150528_082632_wa-gb-auv-13b,PR_20150528_083438_687_FC16.png,-33.4104979,115.1750754,,1388,1038
,,,,,,,
AUV2015,r20150528_082632_wa-gb-auv-13b,PR_20150528_083439_187_FC16.png,-33.4104946,115.1750711,,1388,1038
,,,,,,,
AUV2015,r20150528_082632_wa-gb-auv-13b,PR_20150528_083439_688_FC16.png,-33.4104913,115.175067,,1388,1038
,,,,,,,
AUV2015,r20150528_082632_wa-gb-auv-13b,PR_20150528_083440_188_FC16.png,-33.4104881,115.1750625,,1388,1038
,,,,,,,
AUV2015,r20150528_082632_wa-gb-auv-13b,PR_20150528_083440_688_FC16.png,-33.4104845,115.1750584,,1388,1038
,,,,,,,
AUV2015,r20150528_082632_wa-gb-auv-13b,PR_20150528_083441_188_FC16.png,-33.410481,115.175054,,1388,1038
,,,,,,,
AUV2015,r20150528_082632_wa-gb-auv-13b,PR_20150528_083441_688_FC16.png,-33.4104775,115.1750495,,1388,1038
,,,,,,,
AUV2015,r20150528_082632_wa-gb-auv-13b,PR_20150528_083442_188_FC16.png,-33.4104737,115.1750456,,1388,1038
,,,,,,,
AUV2015,r20150528_082632_wa-gb-auv-13b,PR_20150528_083442_688_FC16.png,-33.4104708,115.1750411,,1388,1038
,,,,,,,
AUV2015,r20150528_082632_wa-gb-auv-13b,PR_20150528_083443_188_FC16.png,-33.4104683,115.1750364,,1388,1038
,,,,,,,
AUV2015,r20150528_082632_wa-gb-auv-13b,PR_20150528_083443_689_FC16.png,-33.410466,115.1750317,,1388,1038
,,,,,,,
AUV2015,r20150528_082632_wa-gb-auv-13b,PR_20150528_083444_189_FC16.png,-33.410464,115.1750269,,1388,1038
,,,,,,,
AUV2015,r20150528_082632_wa-gb-auv-13b,PR_20150528_083444_689_FC16.png,-33.4104624,115.1750219,,1388,1038
,,,,,,,
AUV2015,r20150528_082632_wa-gb-auv-13b,PR_20150528_083445_189_FC16.png,-33.410461,115.1750166,,1388,1038
,,,,,,,
AUV2015,r20150528_082632_wa-gb-auv-13b,PR_20150528_083445_688_FC16.png,-33.4104601,115.1750112,,1388,1038
,,,,,,,
AUV2015,r20150528_082632_wa-gb-auv-13b,PR_20150528_083446_188_FC16.png,-33.4104594,115.1750054,,1388,1038
,,,,,,,
AUV2015,r20150528_082632_wa-gb-auv-13b,PR_20150528_083446_688_FC16.png,-33.410459,115.1749994,,1388,1038
,,,,,,,
AUV2015,r20150528_082632_wa-gb-auv-13b,PR_20150528_083447_189_FC16.png,-33.4104591,115.1749936,,1388,1038
,,,,,,,
AUV2015,r20150528_082632_wa-gb-auv-13b,PR_20150528_083447_689_FC16.png,-33.4104594,115.1749878,,1388,1038
,,,,,,,
AUV2015,r20150528_082632_wa-gb-auv-13b,PR_20150528_083448_189_FC16.png,-33.4104601,115.1749821,,1388,1038
,,,,,,,
AUV2015,r20150528_082632_wa-gb-auv-13b,PR_20150528_083448_689_FC16.png,-33.4104612,115.1749766,,1388,1038
,,,,,,,
AUV2015,r20150528_082632_wa-gb-auv-13b,PR_20150528_083449_189_FC16.png,-33.4104626,115.1749713,,1388,1038
,,,,,,,
AUV2015,r20150528_082632_wa-gb-auv-13b,PR_20150528_083449_689_FC16.png,-33.4104644,115.1749665,,1388,1038
,,,,,,,
AUV2015,r20150528_082632_wa-gb-auv-13b,PR_20150528_083450_189_FC16.png,-33.4104665,115.174962,,1388,1038
,,,,,,,
AUV2015,r20150528_082632_wa-gb-auv-13b,PR_20150528_083450_689_FC16.png,-33.4104689,115.1749582,,1388,1038
,,,,,,,
AUV2015,r20150528_082632_wa-gb-auv-13b,PR_20150528_083451_190_FC16.png,-33.4104718,115.1749549,,1388,1038
,,,,,,,
AUV2015,r20150528_082632_wa-gb-auv-13b,PR_20150528_083451_690_FC16.png,-33.4104747,115.1749521,,1388,1038
,,,,,,,
AUV2015,r20150528_082632_wa-gb-auv-13b,PR_20150528_083452_190_FC16.png,-33.4104779,115.1749496,,1388,1038
,,,,,,,
AUV2015,r20150528_082632_wa-gb-auv-13b,PR_20150528_083452_690_FC16.png,-33.4104815,115.1749478,,1388,1038
,,,,,,,
AUV2015,r20150528_082632_wa-gb-auv-13b,PR_20150528_083453_190_FC16.png,-33.4104851,115.1749463,,1388,1038
,,,,,,,
AUV2015,r20150528_082632_wa-gb-auv-13b,PR_20150528_083453_690_FC16.png,-33.4104887,115.1749451,,1388,1038
,,,,,,,
AUV2015,r20150528_082632_wa-gb-auv-13b,PR_20150528_083454_190_FC16.png,-33.4104925,115.1749442,,1388,1038
,,,,,,,
AUV2015,r20150528_082632_wa-gb-auv-13b,PR_20150528_083454_690_FC16.png,-33.4104963,115.1749436,,1388,1038
,,,,,,,
AUV2015,r20150528_082632_wa-gb-auv-13b,PR_20150528_083455_190_FC16.png,-33.4105002,115.1749433,,1388,1038
,,,,,,,
AUV2015,r20150528_082632_wa-gb-auv-13b,PR_20150528_083455_690_FC16.png,-33.4105041,115.1749432,,1388,1038
,,,,,,,
AUV2015,r20150528_082632_wa-gb-auv-13b,PR_20150528_083456_190_FC16.png,-33.4105081,115.1749432,,1388,1038
,,,,,,,
AUV2015,r20150528_082632_wa-gb-auv-13b,PR_20150528_083456_690_FC16.png,-33.4105124,115.1749431,,1388,1038
,,,,,,,
AUV2015,r20150528_082632_wa-gb-auv-13b,PR_20150528_083457_190_FC16.png,-33.4105169,115.1749435,,1388,1038
,,,,,,,
AUV2015,r20150528_082632_wa-gb-auv-13b,PR_20150528_083457_690_FC16.png,-33.4105214,115.1749433,,1388,1038
,,,,,,,
AUV2015,r20150528_082632_wa-gb-auv-13b,PR_20150528_083458_190_FC16.png,-33.4105259,115.174943,,1388,1038
,,,,,,,
AUV2015,r20150528_082632_wa-gb-auv-13b,PR_20150528_083458_690_FC16.png,-33.4105305,115.1749426,,1388,1038
,,,,,,,
AUV2015,r20150528_082632_wa-gb-auv-13b,PR_20150528_083459_190_FC16.png,-33.4105354,115.1749417,,1388,1038
,,,,,,,
AUV2015,r20150528_082632_wa-gb-auv-13b,PR_20150528_083459_691_FC16.png,-33.4105402,115.1749402,,1388,1038
,,,,,,,
AUV2015,r20150528_082632_wa-gb-auv-13b,PR_20150528_083500_191_FC16.png,-33.4105451,115.1749385,,1388,1038
,,,,,,,
AUV2015,r20150528_082632_wa-gb-auv-13b,PR_20150528_083500_691_FC16.png,-33.4105498,115.1749362,,1388,1038
,,,,,,,
AUV2015,r20150528_082632_wa-gb-auv-13b,PR_20150528_083501_191_FC16.png,-33.4105544,115.1749337,,1388,1038
,,,,,,,
AUV2015,r20150528_082632_wa-gb-auv-13b,PR_20150528_083501_691_FC16.png,-33.410559,115.1749307,,1388,1038
,,,,,,,
AUV2015,r20150528_082632_wa-gb-auv-13b,PR_20150528_083502_191_FC16.png,-33.4105637,115.1749272,,1388,1038
,,,,,,,
AUV2015,r20150528_082632_wa-gb-auv-13b,PR_20150528_083502_691_FC16.png,-33.4105682,115.1749237,,1388,1038
,,,,,,,
AUV2015,r20150528_082632_wa-gb-auv-13b,PR_20150528_083503_191_FC16.png,-33.4105727,115.17492,,1388,1038
,,,,,,,
AUV2015,r20150528_082632_wa-gb-auv-13b,PR_20150528_083503_691_FC16.png,-33.4105771,115.174916,,1388,1038
,,,,,,,
AUV2015,r20150528_082632_wa-gb-auv-13b,PR_20150528_083504_192_FC16.png,-33.4105814,115.1749118,,1388,1038
,,,,,,,
AUV2015,r20150528_082632_wa-gb-auv-13b,PR_20150528_083504_692_FC16.png,-33.4105858,115.1749078,,1388,1038
,,,,,,,
AUV2015,r20150528_082632_wa-gb-auv-13b,PR_20150528_083505_192_FC16.png,-33.4105902,115.1749036,,1388,1038
,,,,,,,
AUV2015,r20150528_082632_wa-gb-auv-13b,PR_20150528_083505_692_FC16.png,-33.4105942,115.1748994,,1388,1038
,,,,,,,
AUV2015,r20150528_082632_wa-gb-auv-13b,PR_20150528_083506_192_FC16.png,-33.4105985,115.1748957,,1388,1038
,,,,,,,
AUV2015,r20150528_082632_wa-gb-auv-13b,PR_20150528_083506_692_FC16.png,-33.4106029,115.1748922,,1388,1038
,,,,,,,
AUV2015,r20150528_082632_wa-gb-auv-13b,PR_20150528_083507_192_FC16.png,-33.4106072,115.1748886,,1388,1038
,,,,,,,
AUV2015,r20150528_082632_wa-gb-auv-13b,PR_20150528_083507_692_FC16.png,-33.4106114,115.1748853,,1388,1038
,,,,,,,
AUV2015,r20150528_082632_wa-gb-auv-13b,PR_20150528_083508_192_FC16.png,-33.4106156,115.1748822,,1388,1038
,,,,,,,
AUV2015,r20150528_082632_wa-gb-auv-13b,PR_20150528_083508_692_FC16.png,-33.4106198,115.1748791,,1388,1038
,,,,,,,
AUV2015,r20150528_082632_wa-gb-auv-13b,PR_20150528_083509_192_FC16.png,-33.4106242,115.1748761,,1388,1038
,,,,,,,
AUV2015,r20150528_082632_wa-gb-auv-13b,PR_20150528_083509_692_FC16.png,-33.4106285,115.1748734,,1388,1038
,,,,,,,
AUV2015,r20150528_082632_wa-gb-auv-13b,PR_20150528_083510_192_FC16.png,-33.4106329,115.1748707,,1388,1038
,,,,,,,
AUV2015,r20150528_082632_wa-gb-auv-13b,PR_20150528_083510_692_FC16.png,-33.4106374,115.1748682,,1388,1038
,,,,,,,
AUV2015,r20150528_082632_wa-gb-auv-13b,PR_20150528_083511_192_FC16.png,-33.410642,115.1748654,,1388,1038
,,,,,,,
AUV2015,r20150528_082632_wa-gb-auv-13b,PR_20150528_083511_692_FC16.png,-33.4106468,115.1748626,,1388,1038
,,,,,,,
AUV2015,r20150528_082632_wa-gb-auv-13b,PR_20150528_083512_192_FC16.png,-33.4106513,115.1748596,,1388,1038
,,,,,,,
AUV2015,r20150528_082632_wa-gb-auv-13b,PR_20150528_083512_692_FC16.png,-33.4106558,115.1748566,,1388,1038
,,,,,,,
AUV2015,r20150528_082632_wa-gb-auv-13b,PR_20150528_083513_192_FC16.png,-33.4106602,115.1748536,,1388,1038
,,,,,,,
AUV2015,r20150528_082632_wa-gb-auv-13b,PR_20150528_083513_692_FC16.png,-33.4106648,115.1748505,,1388,1038
,,,,,,,
AUV2015,r20150528_082632_wa-gb-auv-13b,PR_20150528_083514_192_FC16.png,-33.4106693,115.174847,,1388,1038
,,,,,,,
AUV2015,r20150528_082632_wa-gb-auv-13b,PR_20150528_083514_692_FC16.png,-33.4106738,115.1748437,,1388,1038
,,,,,,,
AUV2015,r20150528_082632_wa-gb-auv-13b,PR_20150528_083515_192_FC16.png,-33.4106782,115.1748404,,1388,1038
,,,,,,,
AUV2015,r20150528_082632_wa-gb-auv-13b,PR_20150528_083515_692_FC16.png,-33.4106824,115.1748367,,1388,1038
,,,,,,,
AUV2015,r20150528_082632_wa-gb-auv-13b,PR_20150528_083516_192_FC16.png,-33.4106865,115.174833,,1388,1038
,,,,,,,
AUV2015,r20150528_082632_wa-gb-auv-13b,PR_20150528_083516_692_FC16.png,-33.4106905,115.1748294,,1388,1038
,,,,,,,
AUV2015,r20150528_082632_wa-gb-auv-13b,PR_20150528_083517_192_FC16.png,-33.4106945,115.1748258,,1388,1038
,,,,,,,
AUV2015,r20150528_082632_wa-gb-auv-13b,PR_20150528_083517_692_FC16.png,-33.4106985,115.174822,,1388,1038
,,,,,,,
AUV2015,r20150528_082632_wa-gb-auv-13b,PR_20150528_083518_192_FC16.png,-33.4107023,115.1748182,,1388,1038
,,,,,,,
AUV2015,r20150528_082632_wa-gb-auv-13b,PR_20150528_083518_692_FC16.png,-33.4107061,115.1748144,,1388,1038
,,,,,,,
AUV2015,r20150528_082632_wa-gb-auv-13b,PR_20150528_083519_192_FC16.png,-33.4107098,115.1748106,,1388,1038
,,,,,,,
AUV2015,r20150528_082632_wa-gb-auv-13b,PR_20150528_083519_692_FC16.png,-33.4107136,115.1748066,,1388,1038
,,,,,,,
AUV2015,r20150528_082632_wa-gb-auv-13b,PR_20150528_083520_192_FC16.png,-33.4107174,115.1748026,,1388,1038
,,,,,,,
AUV2015,r20150528_082632_wa-gb-auv-13b,PR_20150528_083520_692_FC16.png,-33.4107211,115.1747987,,1388,1038
,,,,,,,
AUV2015,r20150528_082632_wa-gb-auv-13b,PR_20150528_083521_192_FC16.png,-33.4107249,115.1747948,,1388,1038
,,,,,,,
AUV2015,r20150528_082632_wa-gb-auv-13b,PR_20150528_083521_692_FC16.png,-33.4107287,115.1747908,,1388,1038
,,,,,,,
AUV2015,r20150528_082632_wa-gb-auv-13b,PR_20150528_083522_192_FC16.png,-33.4107326,115.1747869,,1388,1038
,,,,,,,
AUV2015,r20150528_082632_wa-gb-auv-13b,PR_20150528_083522_692_FC16.png,-33.4107366,115.1747826,,1388,1038
,,,,,,,
AUV2015,r20150528_082632_wa-gb-auv-13b,PR_20150528_083523_192_FC16.png,-33.4107405,115.1747789,,1388,1038
,,,,,,,
AUV2015,r20150528_082632_wa-gb-auv-13b,PR_20150528_083523_692_FC16.png,-33.4107445,115.1747752,,1388,1038
,,,,,,,
AUV2015,r20150528_082632_wa-gb-auv-13b,PR_20150528_083524_192_FC16.png,-33.4107487,115.1747717,,1388,1038
,,,,,,,
AUV2015,r20150528_082632_wa-gb-auv-13b,PR_20150528_083524_692_FC16.png,-33.410753,115.1747684,,1388,1038
,,,,,,,
AUV2015,r20150528_082632_wa-gb-auv-13b,PR_20150528_083525_192_FC16.png,-33.4107573,115.1747652,,1388,1038
,,,,,,,
AUV2015,r20150528_082632_wa-gb-auv-13b,PR_20150528_083525_692_FC16.png,-33.4107616,115.174762,,1388,1038
,,,,,,,
AUV2015,r20150528_082632_wa-gb-auv-13b,PR_20150528_083526_192_FC16.png,-33.410766,115.174759,,1388,1038
,,,,,,,
AUV2015,r20150528_082632_wa-gb-auv-13b,PR_20150528_083526_692_FC16.png,-33.4107705,115.1747562,,1388,1038
,,,,,,,
AUV2015,r20150528_082632_wa-gb-auv-13b,PR_20150528_083527_192_FC16.png,-33.4107748,115.1747532,,1388,1038
,,,,,,,
AUV2015,r20150528_082632_wa-gb-auv-13b,PR_20150528_083527_692_FC16.png,-33.4107793,115.1747503,,1388,1038
,,,,,,,
AUV2015,r20150528_082632_wa-gb-auv-13b,PR_20150528_083528_192_FC16.png,-33.4107839,115.1747474,,1388,1038
,,,,,,,
AUV2015,r20150528_082632_wa-gb-auv-13b,PR_20150528_083528_692_FC16.png,-33.4107886,115.1747444,,1388,1038
,,,,,,,
AUV2015,r20150528_082632_wa-gb-auv-13b,PR_20150528_083529_192_FC16.png,-33.4107933,115.1747414,,1388,1038
,,,,,,,
AUV2015,r20150528_082632_wa-gb-auv-13b,PR_20150528_083529_692_FC16.png,-33.4107975,115.1747377,,1388,1038
,,,,,,,
AUV2015,r20150528_082632_wa-gb-auv-13b,PR_20150528_083530_192_FC16.png,-33.410802,115.1747344,,1388,1038
,,,,,,,
AUV2015,r20150528_082632_wa-gb-auv-13b,PR_20150528_083530_692_FC16.png,-33.4108065,115.174731,,1388,1038
,,,,,,,
AUV2015,r20150528_082632_wa-gb-auv-13b,PR_20150528_083531_192_FC16.png,-33.4108108,115.1747276,,1388,1038
,,,,,,,
AUV2015,r20150528_082632_wa-gb-auv-13b,PR_20150528_083531_692_FC16.png,-33.4108151,115.174724,,1388,1038
,,,,,,,
AUV2015,r20150528_082632_wa-gb-auv-13b,PR_20150528_083532_192_FC16.png,-33.4108193,115.1747206,,1388,1038
,,,,,,,
AUV2015,r20150528_082632_wa-gb-auv-13b,PR_20150528_083532_692_FC16.png,-33.4108235,115.1747172,,1388,1038
,,,,,,,
AUV2015,r20150528_082632_wa-gb-auv-13b,PR_20150528_083533_192_FC16.png,-33.4108277,115.1747141,,1388,1038
,,,,,,,
AUV2015,r20150528_082632_wa-gb-auv-13b,PR_20150528_083533_692_FC16.png,-33.4108317,115.1747109,,1388,1038
,,,,,,,
AUV2015,r20150528_082632_wa-gb-auv-13b,PR_20150528_083534_192_FC16.png,-33.4108358,115.1747082,,1388,1038
,,,,,,,
AUV2015,r20150528_082632_wa-gb-auv-13b,PR_20150528_083534_692_FC16.png,-33.4108398,115.1747057,,1388,1038
,,,,,,,
AUV2015,r20150528_082632_wa-gb-auv-13b,PR_20150528_083535_192_FC16.png,-33.4108437,115.1747035,,1388,1038
,,,,,,,
AUV2015,r20150528_082632_wa-gb-auv-13b,PR_20150528_083535_692_FC16.png,-33.4108474,115.1747014,,1388,1038
,,,,,,,
AUV2015,r20150528_082632_wa-gb-auv-13b,PR_20150528_083536_192_FC16.png,-33.4108511,115.1746995,,1388,1038
,,,,,,,
AUV2015,r20150528_082632_wa-gb-auv-13b,PR_20150528_083536_692_FC16.png,-33.4108547,115.1746975,,1388,1038
,,,,,,,
AUV2015,r20150528_082632_wa-gb-auv-13b,PR_20150528_083537_192_FC16.png,-33.4108584,115.1746955,,1388,1038
,,,,,,,
AUV2015,r20150528_082632_wa-gb-auv-13b,PR_20150528_083537_692_FC16.png,-33.4108621,115.1746932,,1388,1038
,,,,,,,
AUV2015,r20150528_082632_wa-gb-auv-13b,PR_20150528_083538_192_FC16.png,-33.4108658,115.1746905,,1388,1038
,,,,,,,
AUV2015,r20150528_082632_wa-gb-auv-13b,PR_20150528_083538_692_FC16.png,-33.4108695,115.1746875,,1388,1038
,,,,,,,
AUV2015,r20150528_082632_wa-gb-auv-13b,PR_20150528_083539_192_FC16.png,-33.4108731,115.1746841,,1388,1038
,,,,,,,
AUV2015,r20150528_082632_wa-gb-auv-13b,PR_20150528_083539_692_FC16.png,-33.4108768,115.1746801,,1388,1038
,,,,,,,
AUV2015,r20150528_082632_wa-gb-auv-13b,PR_20150528_083540_192_FC16.png,-33.4108805,115.1746753,,1388,1038
,,,,,,,
AUV2015,r20150528_082632_wa-gb-auv-13b,PR_20150528_083540_692_FC16.png,-33.4108842,115.1746704,,1388,1038
,,,,,,,
AUV2015,r20150528_082632_wa-gb-auv-13b,PR_20150528_083541_192_FC16.png,-33.4108879,115.1746653,,1388,1038
,,,,,,,
AUV2015,r20150528_082632_wa-gb-auv-13b,PR_20150528_083541_692_FC16.png,-33.4108916,115.1746596,,1388,1038
,,,,,,,
AUV2015,r20150528_082632_wa-gb-auv-13b,PR_20150528_083542_192_FC16.png,-33.4108956,115.174654,,1388,1038
,,,,,,,
AUV2015,r20150528_082632_wa-gb-auv-13b,PR_20150528_083542_692_FC16.png,-33.4108995,115.1746479,,1388,1038
,,,,,,,
AUV2015,r20150528_082632_wa-gb-auv-13b,PR_20150528_083543_193_FC16.png,-33.4109032,115.1746425,,1388,1038
,,,,,,,
AUV2015,r20150528_082632_wa-gb-auv-13b,PR_20150528_083543_693_FC16.png,-33.4109072,115.1746376,,1388,1038
,,,,,,,
AUV2015,r20150528_082632_wa-gb-auv-13b,PR_20150528_083544_193_FC16.png,-33.4109112,115.1746326,,1388,1038
,,,,,,,
AUV2015,r20150528_082632_wa-gb-auv-13b,PR_20150528_083544_693_FC16.png,-33.4109154,115.1746279,,1388,1038
,,,,,,,
AUV2015,r20150528_082632_wa-gb-auv-13b,PR_20150528_083545_193_FC16.png,-33.4109194,115.1746238,,1388,1038
,,,,,,,
AUV2015,r20150528_082632_wa-gb-auv-13b,PR_20150528_083545_693_FC16.png,-33.4109233,115.1746202,,1388,1038
,,,,,,,
AUV2015,r20150528_082632_wa-gb-auv-13b,PR_20150528_083546_193_FC16.png,-33.4109272,115.174617,,1388,1038
,,,,,,,
AUV2015,r20150528_082632_wa-gb-auv-13b,PR_20150528_083546_693_FC16.png,-33.4109313,115.1746143,,1388,1038
,,,,,,,
AUV2015,r20150528_082632_wa-gb-auv-13b,PR_20150528_083547_193_FC16.png,-33.410935,115.1746111,,1388,1038
,,,,,,,
AUV2015,r20150528_082632_wa-gb-auv-13b,PR_20150528_083547_693_FC16.png,-33.410939,115.1746098,,1388,1038
,,,,,,,
AUV2015,r20150528_082632_wa-gb-auv-13b,PR_20150528_083548_194_FC16.png,-33.410943,115.1746085,,1388,1038
,,,,,,,
AUV2015,r20150528_082632_wa-gb-auv-13b,PR_20150528_083548_694_FC16.png,-33.410947,115.1746074,,1388,1038
,,,,,,,
AUV2015,r20150528_082632_wa-gb-auv-13b,PR_20150528_083549_194_FC16.png,-33.4109511,115.1746065,,1388,1038
,,,,,,,
AUV2015,r20150528_082632_wa-gb-auv-13b,PR_20150528_083549_694_FC16.png,-33.4109552,115.1746057,,1388,1038
,,,,,,,
AUV2015,r20150528_082632_wa-gb-auv-13b,PR_20150528_083550_194_FC16.png,-33.4109594,115.1746053,,1388,1038
,,,,,,,
AUV2015,r20150528_082632_wa-gb-auv-13b,PR_20150528_083550_694_FC16.png,-33.4109637,115.1746047,,1388,1038
,,,,,,,
AUV2015,r20150528_082632_wa-gb-auv-13b,PR_20150528_083551_194_FC16.png,-33.4109681,115.1746043,,1388,1038
,,,,,,,
AUV2015,r20150528_082632_wa-gb-auv-13b,PR_20150528_083551_694_FC16.png,-33.4109722,115.1746035,,1388,1038
,,,,,,,
AUV2015,r20150528_082632_wa-gb-auv-13b,PR_20150528_083552_194_FC16.png,-33.4109765,115.1746025,,1388,1038
,,,,,,,
AUV2015,r20150528_082632_wa-gb-auv-13b,PR_20150528_083552_695_FC16.png,-33.4109808,115.1746011,,1388,1038
,,,,,,,
AUV2015,r20150528_082632_wa-gb-auv-13b,PR_20150528_083553_195_FC16.png,-33.4109848,115.1745992,,1388,1038
,,,,,,,
AUV2015,r20150528_082632_wa-gb-auv-13b,PR_20150528_083553_695_FC16.png,-33.4109889,115.1745972,,1388,1038
,,,,,,,
AUV2015,r20150528_082632_wa-gb-auv-13b,PR_20150528_083554_195_FC16.png,-33.4109928,115.1745942,,1388,1038
,,,,,,,
AUV2015,r20150528_082632_wa-gb-auv-13b,PR_20150528_083554_695_FC16.png,-33.4109967,115.1745908,,1388,1038
,,,,,,,
AUV2015,r20150528_082632_wa-gb-auv-13b,PR_20150528_083555_195_FC16.png,-33.4110002,115.1745868,,1388,1038
,,,,,,,
AUV2015,r20150528_082632_wa-gb-auv-13b,PR_20150528_083555_695_FC16.png,-33.4110037,115.1745821,,1388,1038
,,,,,,,
AUV2015,r20150528_082632_wa-gb-auv-13b,PR_20150528_083556_195_FC16.png,-33.4110071,115.1745771,,1388,1038
,,,,,,,
AUV2015,r20150528_082632_wa-gb-auv-13b,PR_20150528_083556_695_FC16.png,-33.4110104,115.174572,,1388,1038
,,,,,,,
AUV2015,r20150528_082632_wa-gb-auv-13b,PR_20150528_083557_195_FC16.png,-33.4110138,115.1745666,,1388,1038
,,,,,,,
AUV2015,r20150528_082632_wa-gb-auv-13b,PR_20150528_083557_695_FC16.png,-33.4110171,115.1745609,,1388,1038
,,,,,,,
AUV2015,r20150528_082632_wa-gb-auv-13b,PR_20150528_083558_195_FC16.png,-33.4110203,115.1745551,,1388,1038
,,,,,,,
AUV2015,r20150528_082632_wa-gb-auv-13b,PR_20150528_083558_695_FC16.png,-33.4110232,115.1745494,,1388,1038
,,,,,,,
AUV2015,r20150528_082632_wa-gb-auv-13b,PR_20150528_083559_195_FC16.png,-33.4110261,115.1745443,,1388,1038
,,,,,,,
AUV2015,r20150528_082632_wa-gb-auv-13b,PR_20150528_083559_696_FC16.png,-33.4110292,115.1745394,,1388,1038
,,,,,,,
AUV2015,r20150528_082632_wa-gb-auv-13b,PR_20150528_083600_196_FC16.png,-33.4110323,115.1745349,,1388,1038
,,,,,,,
AUV2015,r20150528_082632_wa-gb-auv-13b,PR_20150528_083600_696_FC16.png,-33.4110358,115.1745308,,1388,1038
,,,,,,,
AUV2015,r20150528_082632_wa-gb-auv-13b,PR_20150528_083601_196_FC16.png,-33.4110389,115.1745269,,1388,1038
,,,,,,,
AUV2015,r20150528_082632_wa-gb-auv-13b,PR_20150528_083601_696_FC16.png,-33.4110414,115.1745228,,1388,1038
,,,,,,,
AUV2015,r20150528_082632_wa-gb-auv-13b,PR_20150528_083602_196_FC16.png,-33.4110436,115.1745187,,1388,1038
,,,,,,,
AUV2015,r20150528_082632_wa-gb-auv-13b,PR_20150528_083602_696_FC16.png,-33.4110454,115.1745145,,1388,1038
,,,,,,,
AUV2015,r20150528_082632_wa-gb-auv-13b,PR_20150528_083603_196_FC16.png,-33.411047,115.1745103,,1388,1038
,,,,,,,
AUV2015,r20150528_082632_wa-gb-auv-13b,PR_20150528_083603_696_FC16.png,-33.4110484,115.1745061,,1388,1038
,,,,,,,
AUV2015,r20150528_082632_wa-gb-auv-13b,PR_20150528_083604_196_FC16.png,-33.4110494,115.1745017,,1388,1038
,,,,,,,
AUV2015,r20150528_082632_wa-gb-auv-13b,PR_20150528_083604_696_FC16.png,-33.4110501,115.1744973,,1388,1038
,,,,,,,
AUV2015,r20150528_082632_wa-gb-auv-13b,PR_20150528_083605_196_FC16.png,-33.4110506,115.1744931,,1388,1038
,,,,,,,
AUV2015,r20150528_082632_wa-gb-auv-13b,PR_20150528_083605_696_FC16.png,-33.4110508,115.1744891,,1388,1038
,,,,,,,
AUV2015,r20150528_082632_wa-gb-auv-13b,PR_20150528_083606_196_FC16.png,-33.4110507,115.1744851,,1388,1038
,,,,,,,
AUV2015,r20150528_082632_wa-gb-auv-13b,PR_20150528_083606_696_FC16.png,-33.4110504,115.1744812,,1388,1038
,,,,,,,
AUV2015,r20150528_082632_wa-gb-auv-13b,PR_20150528_083607_196_FC16.png,-33.4110497,115.1744776,,1388,1038
,,,,,,,
AUV2015,r20150528_082632_wa-gb-auv-13b,PR_20150528_083607_696_FC16.png,-33.4110488,115.1744742,,1388,1038
,,,,,,,
AUV2015,r20150528_082632_wa-gb-auv-13b,PR_20150528_083608_196_FC16.png,-33.4110476,115.174471,,1388,1038
,,,,,,,
AUV2015,r20150528_082632_wa-gb-auv-13b,PR_20150528_083608_696_FC16.png,-33.411046,115.1744679,,1388,1038
,,,,,,,
AUV2015,r20150528_082632_wa-gb-auv-13b,PR_20150528_083609_196_FC16.png,-33.4110441,115.174465,,1388,1038
,,,,,,,
AUV2015,r20150528_082632_wa-gb-auv-13b,PR_20150528_083609_696_FC16.png,-33.411042,115.1744623,,1388,1038
,,,,,,,
AUV2015,r20150528_082632_wa-gb-auv-13b,PR_20150528_083610_196_FC16.png,-33.4110394,115.17446,,1388,1038
,,,,,,,
AUV2015,r20150528_082632_wa-gb-auv-13b,PR_20150528_083610_696_FC16.png,-33.4110366,115.1744578,,1388,1038
,,,,,,,
AUV2015,r20150528_082632_wa-gb-auv-13b,PR_20150528_083611_196_FC16.png,-33.4110335,115.1744557,,1388,1038
,,,,,,,
AUV2015,r20150528_082632_wa-gb-auv-13b,PR_20150528_083611_696_FC16.png,-33.4110301,115.1744538,,1388,1038
,,,,,,,
AUV2015,r20150528_082632_wa-gb-auv-13b,PR_20150528_083612_196_FC16.png,-33.4110263,115.1744518,,1388,1038
,,,,,,,
AUV2015,r20150528_082632_wa-gb-auv-13b,PR_20150528_083612_696_FC16.png,-33.4110224,115.1744497,,1388,1038
,,,,,,,
AUV2015,r20150528_082632_wa-gb-auv-13b,PR_20150528_083613_196_FC16.png,-33.4110183,115.1744475,,1388,1038
,,,,,,,
AUV2015,r20150528_082632_wa-gb-auv-13b,PR_20150528_083613_696_FC16.png,-33.411014,115.1744451,,1388,1038
,,,,,,,
AUV2015,r20150528_082632_wa-gb-auv-13b,PR_20150528_083614_196_FC16.png,-33.4110094,115.1744425,,1388,1038
,,,,,,,
AUV2015,r20150528_082632_wa-gb-auv-13b,PR_20150528_083614_696_FC16.png,-33.4110045,115.1744397,,1388,1038
,,,,,,,
AUV2015,r20150528_082632_wa-gb-auv-13b,PR_20150528_083615_196_FC16.png,-33.4109998,115.1744365,,1388,1038
,,,,,,,
AUV2015,r20150528_082632_wa-gb-auv-13b,PR_20150528_083615_696_FC16.png,-33.4109951,115.1744327,,1388,1038
,,,,,,,
AUV2015,r20150528_082632_wa-gb-auv-13b,PR_20150528_083616_196_FC16.png,-33.4109905,115.1744285,,1388,1038
