"sample","latitude","longitude","date","site","location","successful.count","fov.open","fov.total.points.annotated","detailed.consolidated.boulder.turfmat","detailed.consolidated.cobbles.turfmat","detailed.consolidated.rock.nobiota","detailed.consolidated.rock.turfmat","detailed.invertebratecomplex.complex1.","detailed.macroalgae.drift.","detailed.macroalgae.erectcoursebranching.brown","detailed.macroalgae.erectfinebranching.brown","detailed.macroalgae.erectfinebranching.green","detailed.macroalgae.erectfinebranching.red","detailed.macroalgae.filamentousandfiliform.","detailed.macroalgae.globose.saccate.","detailed.macroalgae.laminate.","detailed.macroalgae.sheet.likemembranous.","detailed.macroalgae.smallmixed.","detailed.seagrasses.ellipticalleaves.halophilasp.","detailed.seagrasses.strap.likeleaves.","detailed.seagrasses.strap.likeleaves.amphibolissp.withepiphytesalgae","detailed.seagrasses.strap.likeleaves.posidoniasp.","detailed.seagrasses.strap.likeleaves.posidoniasp.withepiphytesalgae","detailed.seagrasses.strap.likeleaves.rupiasp.","detailed.seagrasses.strap.likeleaves.zosterasp.","detailed.sponges.crusts.","detailed.sponges.erectforms.","detailed.sponges.massiveforms.","detailed.sponges.smallmixed.","detailed.stonycorals.massive.live","detailed.unconsolidated.pebble.gravel.biogenic.","detailed.unconsolidated.sand.mud.coarsesand.","detailed.total.points.annotated"
"186",-33.5387,115.1588,20210302,NA,"Geographe","y",79,79,0,0,0,0,0,1,4,0,0,0,13,0,0,0,0,0,0,12,0,4,0,0,0,0,0,0,0,0,45,79
"129",-33.5408,115.1741,20210302,NA,"Geographe","Y",80,80,0,0,0,0,0,0,0,0,0,0,0,0,0,0,0,0,0,0,0,5,0,0,0,0,0,0,0,0,75,80
"160",-33.5446,115.18,20210302,NA,"Geographe","y",79,79,0,0,0,7,0,0,5,2,0,1,45,0,0,0,0,0,0,13,0,1,0,0,0,5,0,0,0,0,0,79
"144",-33.5491,115.1656,20210302,NA,"Geographe","Y",80,80,0,0,0,0,0,1,0,0,0,0,3,0,0,0,0,0,0,0,0,0,0,0,0,0,0,0,0,0,76,80
"174",-33.5531,115.1821,20210302,NA,"Geographe","y",78,78,0,0,0,0,0,0,0,0,0,0,17,0,0,0,0,0,0,7,0,3,0,0,0,0,0,0,0,0,50,77
"208",-33.5558,115.1775,20210302,NA,"Geographe","Y",80,80,0,0,0,0,0,0,0,0,0,0,2,0,0,0,0,0,0,0,0,0,0,0,0,0,0,0,0,0,78,80
"123",-33.5574,115.1548,20210302,NA,"Geographe","y",79,79,0,0,0,0,0,0,0,0,0,0,0,0,0,0,0,0,0,0,0,11,0,0,0,0,0,0,0,0,68,79
"237",-33.5584,115.1561,20210302,NA,"Geographe","Y",80,80,0,0,0,0,0,0,0,0,0,0,0,0,0,0,0,0,0,0,0,0,0,0,0,0,0,0,0,0,80,80
"217",-33.5669,115.163,20210302,NA,"Geographe","y",80,80,0,0,0,0,0,1,0,0,0,0,0,0,0,0,0,0,2,0,0,23,0,0,0,0,0,0,0,0,53,79
"101",-33.5635,115.1855,20210302,NA,"Geographe","Y",80,80,0,0,0,0,0,0,3,0,0,0,1,0,0,0,4,1,0,7,0,29,0,0,0,0,1,0,0,0,34,80
"147",-33.5748,115.1841,20210302,NA,"Geographe","y",80,80,0,0,0,0,0,0,0,0,0,0,2,0,0,0,0,0,0,8,0,1,0,0,0,0,0,0,0,0,69,80
"189",-33.573,115.1959,20210302,NA,"Geographe","Y",78,78,0,0,0,4,0,7,3,0,0,0,9,0,0,0,0,0,0,2,0,47,0,0,0,1,0,0,0,0,3,76
"239",-33.5843,115.1935,20210302,NA,"Geographe","y",79,79,0,0,0,0,0,1,0,0,0,0,3,0,0,0,0,0,0,6,0,60,0,0,0,0,0,0,0,0,9,79
"85",-33.5787,115.2004,20210302,NA,"Geographe","Y",77,77,0,0,0,0,0,1,1,0,0,0,7,0,0,0,0,0,0,3,0,50,0,0,0,0,0,0,0,0,15,77
"63",-33.582,115.2022,20210302,NA,"Geographe","y",80,80,0,0,0,0,0,0,0,0,0,0,14,0,0,0,0,0,0,3,0,52,0,0,0,0,0,0,0,0,9,78
"66",-33.5788,115.2066,20210302,NA,"Geographe","Y",78,78,0,0,0,0,0,0,0,0,0,0,2,0,0,0,0,0,0,8,0,7,0,0,0,0,0,0,0,0,61,78
"81",-33.574,115.2101,20210302,NA,"Geographe","Y",78,78,0,0,0,0,0,1,1,0,0,0,6,0,0,0,0,0,0,14,0,22,0,0,0,0,0,0,0,0,34,78
"54",-33.5772,115.2115,20210302,NA,"Geographe","Y",80,80,0,0,0,0,0,3,0,0,0,0,1,0,0,0,0,0,0,8,0,0,0,0,0,0,0,0,0,1,67,80
"93",-33.5837,115.2153,20210302,NA,"Geographe","Y",80,80,0,0,0,0,0,0,0,0,0,0,1,0,0,0,0,0,0,41,0,0,0,0,0,0,0,0,0,0,37,79
"74",-33.5837,115.2119,20210302,NA,"Geographe","Y",80,80,0,0,1,0,0,1,0,0,0,0,0,0,0,0,0,0,0,14,0,0,0,0,0,0,0,0,0,0,64,80
"51",-33.587,115.2134,20210302,NA,"Geographe","Y",80,80,0,0,0,0,0,1,0,0,0,0,1,0,0,0,0,0,0,20,0,0,0,0,0,0,0,0,0,0,58,80
"83",-33.5884,115.2055,20210302,NA,"Geographe","Y",80,80,0,0,0,0,0,1,0,0,0,0,12,0,0,0,0,0,0,0,0,60,0,0,0,0,0,0,0,0,5,78
"55",-33.5917,115.2069,20210302,NA,"Geographe","Y",80,80,0,0,2,0,0,1,0,0,0,0,0,0,0,0,0,0,0,0,0,75,0,0,0,0,0,0,0,0,2,80
"97",-33.5949,115.2038,20210302,NA,"Geographe","Y",80,80,0,0,0,2,0,1,2,0,0,0,14,0,0,0,0,0,0,13,0,11,0,0,0,0,0,0,0,0,36,79
"86",-33.5933,115.2087,20210302,NA,"Geographe","Y",80,80,0,0,0,18,0,0,3,0,0,0,12,0,1,1,0,0,0,9,12,22,0,0,0,0,1,0,1,0,0,80
"68",-33.5934,115.2149,20210302,NA,"Geographe","Y",80,80,0,0,0,9,0,0,0,0,0,0,2,0,0,0,0,0,0,30,0,38,0,0,0,0,0,0,0,0,1,80
"53",-33.5992,115.2197,20210302,NA,"Geographe","Y",78,78,0,0,0,0,0,0,0,0,0,0,7,0,0,0,0,0,0,9,0,46,0,0,0,0,0,0,0,0,16,78
"65",-33.6009,115.2278,20210302,NA,"Geographe","Y",80,80,0,0,0,0,0,0,0,0,0,0,4,0,0,0,0,0,0,15,0,0,0,0,0,0,0,0,0,0,61,80
"84",-33.6009,115.2313,20210302,NA,"Geographe","Y",80,80,0,0,0,0,0,0,0,0,0,0,0,0,0,0,0,0,0,37,0,0,0,0,0,0,0,0,0,0,43,80
"77",-33.596,115.2247,20210302,NA,"Geographe","Y",80,80,0,0,0,0,0,2,0,0,0,0,10,0,0,0,0,0,0,19,0,0,0,0,0,0,0,0,0,0,49,80
"61",-33.5895,115.2215,20210302,NA,"Geographe","Y",80,80,0,0,0,0,8,0,0,0,0,0,0,0,0,0,0,0,0,0,0,0,0,0,0,0,0,0,0,0,72,80
"69",-33.5863,115.2183,20210302,NA,"Geographe","Y",79,79,0,0,0,0,1,0,0,0,0,0,0,0,0,0,0,0,0,0,0,0,0,0,0,0,0,0,0,0,78,79
"88",-33.5862,115.2217,20210302,NA,"Geographe","Y",80,80,1,0,0,1,6,0,0,0,0,0,8,0,0,0,0,0,0,20,0,2,0,0,0,0,0,0,0,1,40,79
"90",-33.5765,115.2198,20210302,NA,"Geographe","Y",80,80,0,0,0,0,0,0,0,0,0,0,1,0,0,0,0,0,0,2,0,1,0,0,0,0,0,0,0,0,76,80
"59",-33.575,115.2262,20210302,NA,"Geographe","Y",79,79,0,0,0,16,0,0,0,0,0,0,23,0,0,1,0,0,0,3,0,24,0,0,0,2,2,0,3,0,0,74
"98",-33.5733,115.2215,20210302,NA,"Geographe","Y",80,80,0,0,0,0,0,0,0,0,0,0,1,0,0,0,0,0,0,0,0,0,0,0,0,0,0,0,0,0,78,79
"100",-33.5658,115.2022,20210302,NA,"Geographe","Y",80,80,0,0,0,0,0,0,0,0,0,0,0,0,0,0,0,0,0,1,0,0,0,0,0,0,0,0,0,0,79,80
"70",-33.5643,115.2101,20210302,NA,"Geographe","Y",80,80,0,0,0,0,0,0,0,0,0,0,0,0,0,0,0,0,0,0,0,0,0,0,0,0,0,0,0,0,80,80
"89",-33.5644,115.2136,20210302,NA,"Geographe","Y",80,80,0,0,0,6,0,0,0,0,0,0,9,0,0,0,0,3,0,1,0,44,0,0,0,0,2,0,0,0,15,80
"78",-33.5668,115.2168,20210302,NA,"Geographe","Y",79,79,0,0,0,3,0,0,0,0,0,0,26,0,0,0,0,0,0,1,1,3,0,0,0,0,0,0,0,0,45,79
"56",-33.5702,115.2247,20210302,NA,"Geographe","Y",80,80,0,2,0,0,0,0,0,0,0,0,32,0,0,0,0,0,0,9,0,16,0,0,0,0,0,0,0,0,21,80
"94",-33.5622,115.2331,20210302,NA,"Geographe","Y",80,80,0,0,0,6,0,7,0,0,0,0,12,0,0,0,0,0,0,0,0,53,0,0,0,1,0,0,0,0,1,80
"75",-33.5622,115.2297,20210302,NA,"Geographe","Y",79,79,0,0,0,0,0,0,0,0,0,0,0,0,0,0,0,0,0,0,0,0,0,0,0,0,0,0,0,1,78,79
"64",-33.5605,115.2199,20210302,NA,"Geographe","Y",80,80,0,0,0,0,0,0,0,0,0,0,0,0,0,0,0,0,0,0,1,0,0,0,0,0,0,0,0,0,79,80
"96",-33.5589,115.2261,20210302,NA,"Geographe","Y",79,79,0,0,0,0,0,1,0,0,0,0,0,0,0,0,0,0,0,0,0,0,0,0,0,0,0,0,0,0,77,78
"67",-33.5573,115.2244,20210302,NA,"Geographe","Y",80,80,0,0,0,0,0,0,0,0,0,0,0,0,0,0,0,0,0,0,0,0,0,0,0,0,0,0,0,0,80,80
"72",-33.5547,115.2146,20210302,NA,"Geographe","Y",80,80,0,0,0,0,0,0,0,0,0,0,0,0,0,0,0,0,0,0,0,0,0,0,0,0,0,0,0,0,79,79
"91",-33.5547,115.2116,20210302,NA,"Geographe","Y",80,80,0,1,0,0,0,0,0,0,0,0,0,0,0,0,0,0,0,1,0,0,0,0,0,0,0,0,0,0,78,80
"60",-33.553,115.205,20210303,NA,"Geographe","Y",80,80,0,0,0,0,3,0,0,0,0,0,0,0,0,0,0,0,0,0,0,0,0,0,0,0,0,0,0,0,76,79
"87",-33.5497,115.2053,20210303,NA,"Geographe","Y",80,80,0,0,0,0,0,1,0,0,0,0,13,0,0,0,0,0,0,35,0,1,0,0,0,0,0,0,0,0,30,80
"115",-33.5467,115.1977,20210303,NA,"Geographe","Y",80,80,0,0,0,0,0,0,0,0,0,0,2,0,0,0,0,0,0,0,0,12,0,1,0,0,0,0,0,0,65,80
"95",-33.54,115.2006,20210303,NA,"Geographe","Y",80,80,0,0,0,0,0,0,0,0,0,0,0,0,0,0,0,0,0,0,0,0,0,0,0,0,0,0,0,0,80,80
"76",-33.5401,115.2085,20210303,NA,"Geographe","Y",80,80,0,0,0,0,0,0,0,0,0,0,0,0,0,0,0,0,0,0,3,0,0,0,0,0,0,0,0,0,77,80
"52",-33.5433,115.2036,20210303,NA,"Geographe","Y",80,80,0,0,0,0,0,4,0,0,0,0,0,0,0,0,0,0,0,4,0,0,0,0,0,0,0,0,0,0,72,80
"79",-33.545,115.2086,20210303,NA,"Geographe","Y",80,80,0,0,0,0,0,0,0,0,0,0,0,0,0,0,0,0,0,0,0,0,0,0,0,0,0,0,0,0,80,80
"57",-33.5484,115.2164,20210303,NA,"Geographe","Y",80,80,0,0,0,1,0,2,0,0,0,0,0,0,0,0,0,0,0,1,0,0,0,0,0,0,0,0,0,0,76,80
"71",-33.5428,115.2279,20210303,NA,"Geographe","Y",78,78,0,0,0,22,0,5,0,0,0,0,18,0,0,0,0,0,0,3,0,28,0,0,0,0,0,0,0,0,2,78
"62",-33.5461,115.2311,20210303,NA,"Geographe","Y",80,80,0,0,0,0,0,3,0,0,0,0,0,0,0,0,0,0,0,0,2,0,0,0,0,0,0,0,0,0,75,80
"82",-33.5525,115.2279,20210303,NA,"Geographe","Y",80,80,0,0,0,0,0,1,0,0,0,0,0,0,0,0,0,0,0,0,0,2,0,0,0,0,0,0,0,0,77,80
"118",-33.5713,115.2398,20210303,NA,"Geographe","Y",80,80,0,0,0,0,0,0,0,0,0,0,0,0,0,0,0,0,0,0,0,3,0,0,0,0,0,0,0,0,77,80
"230",-33.5723,115.2482,20210303,NA,"Geographe","Y",80,80,1,0,0,0,0,6,0,0,0,0,20,0,0,0,0,0,0,0,0,43,0,0,0,0,0,0,0,0,10,80
"80",-33.5815,115.2295,20210303,NA,"Geographe",NA,80,80,0,0,0,0,0,1,0,0,0,0,3,0,0,0,0,0,0,29,0,7,0,0,0,0,0,0,0,0,39,79
"58",-33.5848,115.233,20210303,NA,"Geographe",NA,78,78,0,0,0,0,0,0,0,0,0,0,0,0,0,0,0,0,0,0,0,0,0,0,0,0,0,0,0,0,78,78
"99",-33.588,115.2299,20210303,NA,"Geographe",NA,80,80,0,0,0,0,0,0,0,0,0,0,2,0,0,0,0,0,0,5,0,0,0,0,0,0,0,0,0,0,73,80
"92",-33.5912,115.2282,20210303,NA,"Geographe",NA,79,79,0,0,0,0,0,1,0,0,0,0,0,0,0,0,0,0,0,0,0,0,0,0,0,0,0,0,0,1,77,79
"73",-33.5912,115.2312,20210303,NA,"Geographe",NA,80,80,0,0,0,0,0,0,0,0,0,0,0,0,0,0,0,0,0,0,0,0,0,0,0,0,0,0,0,0,80,80
"170",-33.592,115.2382,20210303,NA,"Geographe",NA,80,80,0,0,0,0,0,2,0,0,0,0,15,0,0,0,0,0,0,19,0,30,0,0,0,0,0,0,0,0,14,80
"206",-33.5948,115.243,20210303,NA,"Geographe",NA,77,77,0,0,0,1,0,0,2,0,0,0,3,0,0,0,0,0,0,0,0,70,0,0,0,0,0,1,0,0,0,77
"158",-33.6027,115.2546,20210303,NA,"Geographe",NA,80,80,0,0,0,0,0,0,0,0,0,0,3,0,0,0,0,0,0,52,0,20,0,0,0,0,0,0,0,0,5,80
"120",-33.5906,115.2584,20210303,NA,"Geographe",NA,81,81,0,0,0,1,0,0,1,0,0,0,16,0,0,0,0,0,0,14,0,35,0,0,0,0,0,0,0,0,14,81
"232",-33.5914,115.2502,20210303,NA,"Geographe",NA,80,80,0,0,0,0,0,0,0,0,0,0,2,0,0,0,0,0,0,72,0,5,0,0,0,0,1,0,0,0,0,80
"247",-33.5845,115.2409,20210303,NA,"Geographe",NA,80,80,0,0,0,0,0,1,0,0,0,0,17,0,0,0,0,5,0,16,0,22,0,0,0,0,0,0,0,0,19,80
"133",-33.5798,115.2491,20210303,NA,"Geographe",NA,80,80,0,0,0,0,0,6,0,0,0,0,8,0,0,0,0,0,0,20,0,0,0,0,0,0,0,0,0,0,46,80
"106",-33.5539,115.2544,20210303,NA,"Geographe",NA,81,81,0,0,0,0,0,0,0,0,0,2,29,0,0,0,0,0,0,19,0,6,0,0,0,0,0,0,0,0,25,81
"219",-33.5492,115.2582,20210303,NA,"Geographe",NA,80,80,0,0,0,0,0,0,2,0,0,0,2,0,0,0,0,0,0,0,0,0,0,0,0,0,0,0,0,0,76,80
"152",-33.5437,115.2653,20210303,NA,"Geographe",NA,79,79,0,0,0,0,0,2,0,0,0,0,1,0,0,0,0,0,0,0,0,15,0,0,0,0,0,0,0,0,61,79
"236",-33.5413,115.2891,20210303,NA,"Geographe",NA,80,80,0,0,0,0,0,1,0,0,0,0,0,0,0,0,0,0,0,0,0,0,0,0,0,0,0,0,0,0,79,80
"164",-33.5523,115.2746,20210303,NA,"Geographe",NA,80,80,0,0,0,0,0,0,0,0,0,0,1,0,0,0,0,0,0,0,0,0,0,0,0,0,0,0,0,0,79,80
"198",-33.5634,115.2626,20210303,NA,"Geographe",NA,80,80,0,0,0,0,0,0,7,0,0,0,22,0,0,0,0,0,0,0,0,0,0,0,0,0,0,0,0,0,51,80
"125",-33.5738,115.2682,20210303,NA,"Geographe",NA,80,80,0,0,0,0,0,6,1,0,0,0,11,0,0,0,0,8,0,32,0,7,0,0,0,2,0,0,0,0,12,79
"137",-33.5823,115.2692,20210303,NA,"Geographe",NA,80,80,0,0,0,0,0,4,1,0,0,0,1,0,0,0,0,5,0,52,0,1,0,0,0,0,0,0,0,0,16,80
"213",-33.6002,115.2714,20210303,NA,"Geographe",NA,81,81,0,0,0,0,0,6,3,0,0,0,5,0,0,0,0,1,0,40,0,11,0,0,0,0,0,0,0,0,11,77
"244",-33.604,115.2784,20210303,NA,"Geographe",NA,80,80,0,0,0,0,0,0,0,0,0,0,8,0,0,0,0,0,0,60,0,10,0,0,0,0,0,0,0,0,2,80
"128",-33.5994,115.2867,20210303,NA,"Geographe",NA,79,79,0,0,0,5,0,0,2,0,0,0,19,0,1,0,0,0,0,50,0,0,0,0,0,0,0,0,0,0,3,80
"185",-33.5976,115.2902,20210303,NA,"Geographe",NA,80,80,0,0,0,1,0,4,3,0,0,0,14,0,0,0,0,3,0,26,0,2,0,0,0,0,0,0,0,1,25,79
"203",-33.589,115.2811,20210303,NA,"Geographe",NA,80,80,0,0,0,0,0,3,4,0,0,0,13,0,2,0,0,1,0,45,0,2,0,0,0,0,0,0,0,0,10,80
"111",-33.5798,115.2917,20210303,NA,"Geographe",NA,80,80,0,0,0,0,0,0,0,0,0,1,6,0,0,0,0,0,0,34,0,14,0,0,0,0,0,0,0,0,26,81
"154",-33.5693,115.2837,20210303,NA,"Geographe",NA,80,80,0,0,0,21,0,0,0,4,0,0,27,0,0,0,0,0,0,0,0,12,0,0,0,0,0,0,0,0,13,77
"177",-33.561,115.2956,20210303,NA,"Geographe",NA,80,80,0,0,0,0,0,6,0,0,0,0,0,0,0,0,0,1,0,0,0,25,0,0,0,0,0,0,0,0,47,79
"150",-33.5569,115.3028,20210303,NA,"Geographe",NA,81,81,0,0,0,0,0,28,2,0,0,0,21,0,0,0,0,0,0,0,0,8,0,0,0,0,0,0,0,0,22,81
"245",-33.5665,115.3171,20210303,NA,"Geographe",NA,80,80,0,0,0,0,0,0,7,0,0,0,34,0,0,0,0,0,0,0,0,36,0,0,0,1,2,0,0,0,0,80
"112",-33.5674,115.3109,20210303,NA,"Geographe",NA,76,76,0,0,0,0,0,0,0,0,0,0,16,0,0,0,0,0,0,18,0,33,0,0,0,1,4,0,0,0,0,72
"225",-33.5711,115.3051,20210303,NA,"Geographe",NA,80,80,0,0,0,16,0,0,8,0,0,0,9,3,0,0,0,0,0,0,0,42,0,0,0,1,1,0,0,0,0,80
"238",-33.5795,115.3073,20210303,NA,"Geographe",NA,80,80,0,0,0,0,0,2,0,0,0,0,0,0,0,0,0,5,0,0,0,0,0,0,0,0,0,0,0,0,73,80
"209",-33.577,115.3287,20210303,NA,"Geographe",NA,80,80,0,0,0,6,0,0,6,6,0,0,23,3,0,0,0,0,0,9,0,21,0,0,0,1,0,0,0,0,5,80
"130",-33.562,115.3252,20210303,NA,"Geographe",NA,81,81,0,0,0,0,0,0,0,0,0,0,6,0,0,0,0,0,0,10,0,62,0,0,0,0,0,0,0,0,3,81
"161",-33.5657,115.3311,20210303,NA,"Geographe",NA,79,79,0,0,0,0,0,10,1,0,0,4,8,0,0,0,0,0,0,22,0,0,0,0,0,0,0,0,0,0,34,79
"194",-33.5686,115.3381,20210303,NA,"Geographe",NA,79,79,0,0,0,0,0,1,5,0,0,0,3,0,0,0,0,0,0,56,0,2,0,0,0,0,0,0,0,0,9,76
"242",-33.577,115.3548,20210304,NA,"Geographe",NA,80,80,0,0,0,0,0,10,0,0,0,0,2,0,0,0,0,0,0,39,0,0,0,0,0,0,0,0,0,0,29,80
"116",-33.576,115.3534,20210304,NA,"Geographe",NA,80,80,0,0,0,0,0,0,2,0,0,0,2,0,0,0,0,0,0,52,0,0,0,0,0,0,0,0,0,0,24,80
"140",-33.5706,115.3452,20210304,NA,"Geographe",NA,80,80,0,0,0,0,0,0,2,0,0,0,14,4,5,0,0,0,0,44,0,9,0,0,0,0,0,0,0,0,2,80
"103",-33.5593,115.3395,20210304,NA,"Geographe",NA,81,81,0,0,0,0,0,0,2,0,0,0,0,0,0,0,0,0,0,75,0,0,4,0,0,0,0,0,0,0,0,81
"180",-33.549,115.3432,20210304,NA,"Geographe",NA,80,80,0,0,0,0,0,6,0,0,0,0,2,0,0,0,0,0,0,32,0,38,0,0,0,0,0,0,0,0,2,80
"224",-33.5461,115.334,20210304,NA,"Geographe",NA,80,80,0,0,0,0,0,2,0,0,0,1,2,0,0,0,0,0,0,41,0,30,0,0,0,0,0,0,0,0,4,80
"241",-33.5293,115.3462,20210304,NA,"Geographe",NA,79,79,0,0,0,0,0,0,9,0,0,0,25,1,0,0,0,0,0,0,0,40,0,0,0,2,0,0,0,0,1,78
"167",-33.5407,115.3505,20210304,NA,"Geographe",NA,78,78,0,0,0,0,0,3,0,0,0,5,9,0,0,0,0,0,0,0,0,50,0,0,0,0,0,0,0,0,11,78
"141",-33.5423,115.3552,20210304,NA,"Geographe",NA,78,78,0,0,0,0,0,4,0,0,0,0,1,0,0,0,0,0,0,70,0,0,0,0,0,0,0,0,0,0,3,78
"190",-33.5657,115.3571,20210304,NA,"Geographe",NA,80,80,0,0,0,0,0,1,0,0,0,0,0,0,0,0,0,0,0,59,0,12,0,0,0,0,0,0,0,0,0,72
"227",-33.5687,115.362,20210304,NA,"Geographe",NA,78,78,0,0,0,0,0,2,0,0,0,0,7,0,0,0,0,0,0,53,0,0,0,0,0,0,0,0,0,0,16,78
"175",-33.5716,115.3713,20210304,NA,"Geographe",NA,79,79,0,0,0,0,0,2,2,0,0,1,14,0,0,0,0,0,0,35,0,23,0,0,0,0,0,0,0,0,2,79
"196",-33.5745,115.3762,20210304,NA,"Geographe",NA,80,80,0,0,0,0,0,3,1,0,0,0,0,0,0,0,0,0,0,35,0,8,0,0,0,0,0,0,0,1,26,74
"35",-33.5702,115.381,20210304,NA,"Geographe",NA,80,80,0,0,0,0,0,3,0,0,0,0,0,0,0,0,0,0,0,61,0,0,0,0,0,0,0,0,0,0,16,80
"17",-33.5696,115.3836,20210304,NA,"Geographe",NA,80,80,0,0,0,0,0,3,0,0,0,0,0,0,0,0,0,0,4,45,0,0,0,0,0,0,0,0,0,0,28,80
"8",-33.5684,115.3783,20210304,NA,"Geographe",NA,80,80,0,0,0,0,0,0,0,0,0,0,0,0,0,0,0,0,0,52,0,0,0,0,0,0,0,0,0,0,28,80
"25",-33.565,115.3759,20210304,NA,"Geographe",NA,80,80,0,0,0,0,0,1,0,0,0,0,17,0,1,0,0,0,0,17,0,42,0,0,0,0,0,0,0,0,2,80
"36",-33.5644,115.3824,20210304,NA,"Geographe",NA,78,78,0,0,0,2,0,8,0,0,0,0,6,1,0,0,0,1,0,18,0,37,0,0,0,0,0,0,0,0,5,78
"45",-33.5623,115.3772,20210304,NA,"Geographe",NA,80,80,0,0,0,0,0,4,0,0,0,0,0,0,0,0,0,0,0,56,0,0,0,0,0,0,0,0,0,0,20,80
"16",-33.5599,115.3786,20210304,NA,"Geographe",NA,78,78,0,0,0,0,0,3,0,0,0,0,0,0,0,0,0,0,0,67,0,0,0,0,0,0,0,0,0,0,7,77
"3",-33.5606,115.3734,20210304,NA,"Geographe",NA,80,80,0,0,0,0,0,9,0,0,0,0,2,0,0,0,0,0,0,49,0,0,0,0,0,0,0,0,0,0,20,80
"39",-33.5623,115.3721,20210304,NA,"Geographe",NA,80,80,0,0,0,0,0,0,0,0,0,0,7,0,0,0,0,0,0,63,0,8,0,0,0,0,0,0,0,0,2,80
"30",-33.5572,115.3709,20210304,NA,"Geographe",NA,79,79,0,0,0,0,0,4,4,0,0,0,8,0,0,0,0,0,0,61,0,0,0,0,0,0,0,0,0,0,0,77
"11",-33.5567,115.3683,20210304,NA,"Geographe",NA,80,80,0,0,0,0,0,0,5,0,0,0,20,0,0,0,0,0,0,49,0,5,0,0,0,0,0,0,0,0,0,79
"47",-33.5545,115.3739,20210304,NA,"Geographe",NA,80,80,0,0,0,11,0,1,1,0,0,0,32,0,2,0,0,0,0,2,0,28,0,0,0,1,0,0,0,0,0,78
"32",-33.5546,115.3778,20210304,NA,"Geographe",NA,80,80,0,0,0,6,0,0,1,0,0,0,22,0,1,0,0,0,0,15,0,35,0,0,0,0,0,0,0,0,0,80
"5",-33.553,115.3803,20210304,NA,"Geographe",NA,80,80,0,0,0,0,0,2,3,0,0,0,9,0,0,0,0,0,0,58,0,0,0,0,0,0,0,0,0,0,8,80
"18",-33.552,115.3701,20210304,NA,"Geographe",NA,80,80,0,0,0,0,0,1,0,0,0,0,10,0,0,0,0,0,0,0,0,69,0,0,0,0,0,0,0,0,0,80
"44",-33.5505,115.3637,20210304,NA,"Geographe",NA,79,79,0,0,0,2,0,1,0,0,0,0,4,0,0,0,0,0,0,42,0,0,0,0,0,0,0,0,0,0,26,75
"7",-33.5412,115.3651,20210304,NA,"Geographe",NA,80,80,0,0,0,0,0,0,0,0,0,0,0,0,0,0,0,0,0,56,0,0,0,0,0,0,0,0,0,0,24,80
"21",-33.5377,115.3669,20210304,NA,"Geographe",NA,80,80,0,0,0,0,0,1,0,0,0,0,5,0,0,0,0,0,0,64,0,3,0,0,0,0,0,0,0,0,4,77
"234",-33.5264,115.3652,20210304,NA,"Geographe",NA,80,80,0,0,0,0,0,0,0,0,0,0,2,0,0,0,0,0,0,37,0,6,0,0,0,0,0,0,0,0,35,80
"210",-33.5094,115.3615,20210304,NA,"Geographe",NA,80,80,0,0,0,0,0,7,0,0,0,8,2,0,0,0,0,0,0,39,0,0,0,0,0,0,0,0,0,0,23,79
"191",-33.5152,115.3708,20210304,NA,"Geographe",NA,80,80,0,0,0,0,0,5,2,0,0,1,4,0,0,0,0,0,0,48,0,11,0,0,0,0,0,0,0,0,7,78
"34",-33.5314,115.3748,20210304,NA,"Geographe",NA,80,80,0,0,0,0,0,2,0,0,0,0,6,0,0,0,0,0,0,53,0,10,0,0,0,0,0,0,0,0,6,77
"2",-33.5375,115.3772,20210304,NA,"Geographe",NA,80,80,0,0,0,0,0,4,1,0,0,0,0,0,0,0,0,0,0,71,0,3,0,0,0,0,0,0,0,0,1,80
"42",-33.5392,115.3794,20210304,NA,"Geographe",NA,78,78,0,0,0,0,0,3,0,0,0,0,9,0,0,0,0,0,0,6,0,49,0,0,0,0,0,0,0,0,11,78
"14",-33.5443,115.3754,20210304,NA,"Geographe",NA,79,79,0,0,0,0,0,0,0,0,0,0,0,0,0,0,0,0,0,0,0,79,0,0,0,0,0,0,0,0,0,79
"10",-33.5452,115.3754,20210304,NA,"Geographe",NA,80,80,0,0,0,0,0,0,0,0,0,0,6,0,0,0,0,0,0,0,0,74,0,0,0,0,0,0,0,0,0,80
"22",-33.5495,115.3805,20210304,NA,"Geographe",NA,80,80,0,0,0,21,0,4,3,4,1,0,20,0,0,0,0,0,0,0,0,20,0,0,2,0,0,0,0,0,3,78
"15",-33.5541,115.3855,20210304,NA,"Geographe",NA,80,80,0,0,0,0,0,5,0,0,0,0,0,0,0,0,0,0,0,63,0,0,0,0,0,0,0,0,0,0,12,80
"43",-33.5566,115.3842,20210304,NA,"Geographe",NA,80,80,0,0,0,1,0,14,1,0,0,0,13,0,0,0,0,0,0,35,0,3,0,0,0,0,0,0,0,0,13,80
"27",-33.5593,115.3862,20210304,NA,"Geographe",NA,80,80,0,0,0,2,0,0,0,0,0,0,4,0,0,0,0,0,0,58,0,15,0,0,0,0,0,0,0,0,0,79
"13",-33.5619,115.3888,20210304,NA,"Geographe",NA,80,80,0,0,0,0,0,7,0,0,0,0,0,0,0,0,0,2,0,54,0,3,0,0,0,0,0,0,0,0,14,80
"9",-33.5628,115.3888,20210304,NA,"Geographe",NA,80,80,0,0,0,0,0,16,0,0,0,0,0,0,0,0,0,0,0,34,0,11,0,0,0,0,0,0,0,0,18,79
"41",-33.5568,115.3928,20210304,NA,"Geographe",NA,80,80,0,0,0,0,0,0,0,0,0,0,0,0,0,0,0,0,0,0,0,80,0,0,0,0,0,0,0,0,0,80
"1",-33.5551,115.3906,20210304,NA,"Geographe",NA,80,80,0,0,0,0,0,12,0,0,0,0,4,0,0,0,0,0,0,36,0,25,0,0,0,0,0,0,0,0,3,80
"33",-33.549,115.3882,20210304,NA,"Geographe",NA,80,80,0,0,0,0,0,2,0,0,0,0,0,0,0,0,0,0,0,77,0,0,0,0,0,0,0,0,0,0,1,80
"6",-33.5473,115.3856,20210304,NA,"Geographe",NA,78,78,0,0,0,11,0,4,3,10,0,0,28,0,0,0,0,0,0,11,0,7,0,0,0,0,0,0,0,0,2,76
"23",-33.5438,115.3832,20210304,NA,"Geographe",NA,80,80,0,0,0,19,0,1,8,0,0,0,29,0,0,0,0,0,0,8,0,13,0,0,0,0,0,0,0,0,0,78
"20",-33.5556,115.401,20210305,NA,"Geographe",NA,80,80,0,0,0,0,0,2,0,0,0,0,0,0,0,0,0,0,0,25,0,45,0,0,0,0,0,0,0,0,8,80
"50",-33.5529,115.3971,20210305,NA,"Geographe",NA,79,79,0,0,0,0,0,0,0,0,0,0,6,0,0,0,0,0,0,31,0,42,0,0,0,0,0,0,0,0,0,79
"28",-33.5517,115.3933,20210305,NA,"Geographe",NA,80,80,0,0,0,0,0,4,0,0,0,0,9,0,0,0,0,0,0,45,0,0,0,0,0,0,0,0,0,0,15,73
"12",-33.5504,115.3959,20210305,NA,"Geographe",NA,80,80,0,0,0,0,0,0,0,0,0,0,2,0,0,0,0,0,0,73,0,3,0,0,0,0,0,0,0,0,0,78
"48",-33.549,115.3946,20210305,NA,"Geographe",NA,77,77,0,0,0,0,0,4,0,0,0,0,0,0,0,0,0,0,0,71,0,0,0,0,0,0,0,0,0,0,2,77
"19",-33.5464,115.3908,20210305,NA,"Geographe",NA,80,80,0,0,0,0,0,3,0,0,0,0,0,0,0,0,0,0,0,74,0,3,0,0,0,0,0,0,0,0,0,80
"37",-33.5413,115.3896,20210305,NA,"Geographe",NA,80,80,0,0,0,5,0,0,0,0,0,0,8,0,0,0,0,0,0,0,0,66,0,0,0,0,0,0,0,0,1,80
"24",-33.5361,115.3901,20210305,NA,"Geographe",NA,80,80,0,0,0,0,0,10,2,0,0,0,11,0,1,0,0,0,0,20,0,30,0,0,0,0,0,0,0,0,5,79
"38",-33.5335,115.3863,20210305,NA,"Geographe",NA,80,80,0,0,0,0,0,3,1,0,0,0,2,0,0,0,0,0,0,73,0,0,0,0,0,0,0,0,0,0,1,80
"49",-33.5314,115.3813,20210305,NA,"Geographe",NA,79,79,0,0,0,0,0,5,1,0,0,0,8,0,1,0,0,0,0,51,0,3,0,0,0,0,0,0,0,0,10,79
"29",-33.5283,115.3852,20210305,NA,"Geographe",NA,80,80,0,0,0,0,0,0,0,0,0,0,5,0,0,0,0,0,0,71,0,4,0,0,0,0,0,0,0,0,0,80
"223",-33.5182,115.3851,20210305,NA,"Geographe",NA,80,80,0,0,0,0,0,4,0,0,0,0,0,0,0,0,0,0,0,2,0,73,0,0,0,0,0,0,0,0,1,80
"148",-33.492,115.3877,20210305,NA,"Geographe",NA,80,80,0,0,0,0,0,1,3,0,0,0,25,0,0,0,0,0,0,0,0,51,0,0,0,0,0,0,0,0,0,80
"240",-33.5015,115.3972,20210305,NA,"Geographe",NA,80,80,0,0,0,0,0,4,6,0,3,0,30,0,0,0,0,0,0,0,0,23,0,0,0,0,0,0,0,0,3,69
"127",-33.509,115.3957,20210305,NA,"Geographe",NA,80,80,0,0,0,0,0,6,0,0,0,0,21,0,0,0,0,2,0,0,0,43,0,0,0,0,0,0,0,0,8,80
"166",-33.5128,115.4015,20210305,NA,"Geographe",NA,79,79,0,0,0,0,0,7,6,0,0,2,9,0,0,0,0,0,0,26,0,19,0,0,0,0,0,0,0,0,9,78
"205",-33.524,115.3959,20210305,NA,"Geographe",NA,80,80,0,0,0,4,0,4,5,4,0,2,2,0,0,0,0,0,0,28,0,16,0,0,0,0,0,0,0,0,15,80
"131",-33.5344,115.4016,20210305,NA,"Geographe",NA,78,78,0,0,0,1,0,1,9,7,3,3,32,0,0,0,0,0,0,0,0,21,0,0,0,0,0,0,0,0,0,77
"31",-33.5401,115.3987,20210305,NA,"Geographe",NA,80,80,0,0,0,0,0,17,0,0,0,0,21,0,0,0,0,0,0,20,0,15,0,0,0,0,0,0,0,0,6,79
"4",-33.5436,115.4012,20210305,NA,"Geographe",NA,78,78,0,0,0,0,0,0,1,0,0,0,9,0,0,0,0,0,0,68,0,0,0,0,0,0,0,0,0,0,0,78
"40",-33.5453,115.3999,20210305,NA,"Geographe",NA,80,80,0,0,0,0,0,0,0,0,0,0,5,0,0,0,0,0,0,0,0,73,0,0,0,0,0,0,0,0,0,78
"26",-33.5479,115.4037,20210305,NA,"Geographe",NA,80,80,0,0,0,0,0,8,0,0,0,0,13,0,0,0,0,0,0,39,0,11,0,0,0,0,0,0,0,0,9,80
"46",-33.5452,115.405,20210305,NA,"Geographe",NA,80,80,0,0,0,0,0,2,0,0,0,0,0,0,0,0,0,0,0,0,0,0,0,0,0,0,0,0,0,0,78,80
"200",-33.5369,115.4147,20210305,NA,"Geographe",NA,79,79,0,0,0,0,0,4,0,0,0,0,0,0,0,0,0,0,1,3,0,0,0,0,0,0,0,0,0,0,71,79
"146",-33.5303,115.4123,20210305,NA,"Geographe",NA,80,80,0,0,0,0,0,0,0,0,0,0,7,0,0,0,0,0,0,32,0,41,0,0,0,0,0,0,0,0,0,80
"108",-33.5274,115.4064,20210305,NA,"Geographe",NA,78,78,0,0,0,0,0,0,5,0,0,0,16,0,0,0,0,0,0,44,0,8,0,0,0,0,0,0,0,0,5,78
"221",-33.5228,115.4102,20210305,NA,"Geographe",NA,79,79,0,0,0,0,0,2,7,0,0,0,23,0,0,0,0,0,0,35,0,2,0,0,0,0,0,0,0,0,10,79
"181",-33.52,115.4132,20210305,NA,"Geographe",NA,79,79,0,0,0,10,0,1,23,7,1,0,23,0,0,0,0,0,0,3,0,0,0,0,0,0,0,2,0,0,2,72
"235",-33.5144,115.4159,20210305,NA,"Geographe",NA,77,77,0,0,0,3,0,0,16,1,2,0,42,0,1,1,0,0,0,8,0,1,0,0,0,0,0,0,0,0,1,76
"122",-33.5136,115.424,20210305,NA,"Geographe",NA,80,80,0,0,0,0,0,0,2,4,0,0,18,0,0,0,0,0,0,1,0,54,0,0,0,0,0,0,0,0,1,80
"142",-33.5049,115.4064,20210305,NA,"Geographe",NA,79,79,0,0,0,0,0,0,5,0,0,0,14,0,0,0,0,0,0,60,0,0,0,0,0,0,0,0,0,0,0,79
"215",-33.4974,115.4044,20210305,NA,"Geographe",NA,79,79,0,0,0,0,0,4,5,0,0,0,7,0,0,0,0,0,0,27,0,32,0,0,0,1,0,1,0,0,2,79
"104",-33.4936,115.4102,20210305,NA,"Geographe",NA,80,80,0,0,0,0,0,0,15,0,0,0,24,0,0,0,0,0,0,6,0,26,0,0,0,1,0,0,0,0,8,80
"202",-33.4861,115.4093,20210305,NA,"Geographe",NA,78,78,0,0,0,0,0,16,0,0,0,5,12,0,0,0,0,0,1,17,0,7,0,0,0,0,0,0,0,0,20,78
"110",-33.4769,115.4199,20210305,NA,"Geographe",NA,80,80,0,0,0,0,0,0,7,0,0,0,37,0,0,0,0,0,0,0,0,30,0,0,0,1,0,0,0,0,5,80
"184",-33.4693,115.4189,20210305,NA,"Geographe",NA,79,79,0,0,0,0,0,2,0,0,0,4,0,0,0,0,0,0,0,2,0,0,0,0,0,0,0,0,0,0,71,79
"212",-33.4724,115.438,20210305,NA,"Geographe",NA,80,80,0,0,0,0,0,3,10,0,0,1,17,0,0,0,0,0,0,16,0,9,0,0,0,0,0,0,0,1,19,76
"136",-33.4799,115.4353,20210305,NA,"Geographe",NA,79,79,0,0,0,0,0,3,11,0,0,0,21,0,0,0,0,0,0,21,0,8,0,0,0,1,0,0,0,0,11,76
"119",-33.4885,115.4434,20210305,NA,"Geographe",NA,80,80,0,0,0,0,0,0,22,0,1,0,27,0,0,0,0,0,0,22,0,0,0,0,0,0,0,0,0,0,8,80
"231",-33.4895,115.4519,20210305,NA,"Geographe",NA,79,79,0,0,0,0,0,0,12,0,0,0,11,0,0,0,0,0,0,47,0,4,0,0,0,0,0,0,0,0,4,78
"183",-33.4888,115.4564,20210305,NA,"Geographe",NA,80,80,0,0,0,0,0,0,23,1,0,0,21,0,0,0,0,0,0,33,0,0,0,0,0,1,0,0,0,0,0,79
"134",-33.497,115.4527,20210305,NA,"Geographe",NA,80,80,0,0,0,0,0,0,7,0,0,0,24,0,0,0,0,0,0,25,0,23,0,0,0,0,0,0,0,0,1,80
"187",-33.495,115.4374,20210305,NA,"Geographe",NA,79,79,0,0,0,2,0,0,14,14,1,0,7,0,0,0,0,0,0,10,0,29,0,0,0,0,0,0,0,0,1,78
"248",-33.5017,115.4446,20210305,NA,"Geographe",NA,80,80,0,0,0,0,0,0,4,0,0,0,34,0,0,0,0,0,0,39,0,1,0,0,0,0,0,0,0,0,1,79
"113",-33.5025,115.4384,20210305,NA,"Geographe",NA,79,79,0,0,0,0,0,0,4,0,0,0,28,0,0,0,0,0,0,34,0,9,0,0,0,1,0,1,0,0,2,79
"195",-33.5032,115.4278,20210305,NA,"Geographe",NA,80,80,0,0,0,4,0,2,12,0,0,0,2,0,0,0,0,0,0,37,0,20,0,0,0,0,0,0,0,0,3,80
"226",-33.5062,115.4327,20210305,NA,"Geographe",NA,80,80,0,0,0,1,0,0,33,23,5,0,6,0,0,1,0,0,0,0,0,9,0,0,0,0,1,0,0,0,0,79
"171",-33.5091,115.4419,20210305,NA,"Geographe",NA,79,79,0,0,0,0,0,0,11,7,4,0,13,0,0,0,0,0,0,16,0,26,0,0,0,0,0,0,0,0,0,77
"151",-33.5174,115.4299,20210305,NA,"Geographe",NA,80,80,0,0,0,0,0,0,3,0,0,0,5,0,0,0,0,0,0,59,0,0,0,0,0,0,0,0,0,0,0,67
"165",-33.5258,115.4266,20210305,NA,"Geographe",NA,80,80,0,0,0,0,0,6,0,0,0,0,0,0,0,0,0,0,0,0,0,0,0,0,0,0,0,0,0,0,74,80
