"sample","latitude","longitude","date","site","location","successful.count","fov.open","fov.total.points.annotated","direction","broad.ascidians","broad.consolidated","broad.invertebrate.complex","broad.macroalgae","broad.seagrasses","broad.sponges","broad.stony.corals","broad.unconsolidated","broad.total.points.annotated"
"186",-33.5387,115.1588,20210302,NA,"Geographe","y",79,79,"E",0,0,0,9,3,0,0,8,20
"186",-33.5387,115.1588,20210302,NA,"Geographe","y",79,79,"N",0,0,0,6,3,0,0,10,19
"186",-33.5387,115.1588,20210302,NA,"Geographe","y",79,79,"S",0,0,0,2,6,0,0,12,20
"186",-33.5387,115.1588,20210302,NA,"Geographe","y",79,79,"W",0,0,0,1,4,0,0,15,20
"129",-33.5408,115.1741,20210302,NA,"Geographe","Y",80,80,"E",0,0,0,0,5,0,0,14,19
"129",-33.5408,115.1741,20210302,NA,"Geographe","Y",80,80,"N",0,0,0,0,0,0,0,21,21
"129",-33.5408,115.1741,20210302,NA,"Geographe","Y",80,80,"S",0,0,0,0,0,0,0,20,20
"129",-33.5408,115.1741,20210302,NA,"Geographe","Y",80,80,"W",0,0,0,0,0,0,0,20,20
"160",-33.5446,115.18,20210302,NA,"Geographe","y",79,79,"E",0,0,0,17,2,1,0,0,20
"160",-33.5446,115.18,20210302,NA,"Geographe","y",79,79,"N",0,7,0,13,0,0,0,0,20
"160",-33.5446,115.18,20210302,NA,"Geographe","y",79,79,"S",0,0,0,17,1,2,0,0,20
"160",-33.5446,115.18,20210302,NA,"Geographe","y",79,79,"W",0,0,0,6,11,2,0,0,19
"144",-33.5491,115.1656,20210302,NA,"Geographe","Y",80,80,"E",0,0,0,1,0,0,0,19,20
"144",-33.5491,115.1656,20210302,NA,"Geographe","Y",80,80,"N",0,0,0,0,0,0,0,20,20
"144",-33.5491,115.1656,20210302,NA,"Geographe","Y",80,80,"S",0,0,0,3,0,0,0,17,20
"144",-33.5491,115.1656,20210302,NA,"Geographe","Y",80,80,"W",0,0,0,0,0,0,0,20,20
"174",-33.5531,115.1821,20210302,NA,"Geographe","y",78,78,"E",0,0,0,1,1,0,0,16,18
"174",-33.5531,115.1821,20210302,NA,"Geographe","y",78,78,"N",0,0,0,4,1,0,0,15,20
"174",-33.5531,115.1821,20210302,NA,"Geographe","y",78,78,"S",0,0,1,2,1,0,0,16,20
"174",-33.5531,115.1821,20210302,NA,"Geographe","y",78,78,"W",0,0,0,10,7,0,0,3,20
"208",-33.5558,115.1775,20210302,NA,"Geographe","Y",80,80,"E",0,0,0,1,0,0,0,19,20
"208",-33.5558,115.1775,20210302,NA,"Geographe","Y",80,80,"N",0,0,0,0,0,0,0,20,20
"208",-33.5558,115.1775,20210302,NA,"Geographe","Y",80,80,"S",0,0,0,0,0,0,0,20,20
"208",-33.5558,115.1775,20210302,NA,"Geographe","Y",80,80,"W",0,0,0,1,0,0,0,19,20
"123",-33.5574,115.1548,20210302,NA,"Geographe","y",79,79,"E",0,0,0,0,4,0,0,16,20
"123",-33.5574,115.1548,20210302,NA,"Geographe","y",79,79,"N",0,0,0,0,0,0,0,20,20
"123",-33.5574,115.1548,20210302,NA,"Geographe","y",79,79,"S",0,0,0,0,7,0,0,13,20
"123",-33.5574,115.1548,20210302,NA,"Geographe","y",79,79,"W",0,0,0,0,0,0,0,19,19
"237",-33.5584,115.1561,20210302,NA,"Geographe","Y",80,80,"E",0,0,0,0,0,0,0,20,20
"237",-33.5584,115.1561,20210302,NA,"Geographe","Y",80,80,"N",0,0,0,0,0,0,0,20,20
"237",-33.5584,115.1561,20210302,NA,"Geographe","Y",80,80,"S",0,0,0,0,0,0,0,20,20
"237",-33.5584,115.1561,20210302,NA,"Geographe","Y",80,80,"W",0,0,0,0,0,0,0,20,20
"217",-33.5669,115.163,20210302,NA,"Geographe","y",80,80,"E",0,0,0,1,7,0,0,11,19
"217",-33.5669,115.163,20210302,NA,"Geographe","y",80,80,"N",0,0,0,0,1,0,0,19,20
"217",-33.5669,115.163,20210302,NA,"Geographe","y",80,80,"S",0,0,0,0,6,0,0,14,20
"217",-33.5669,115.163,20210302,NA,"Geographe","y",80,80,"W",0,0,0,0,11,0,0,9,20
"101",-33.5635,115.1855,20210302,NA,"Geographe","Y",80,80,"E",0,0,0,2,3,0,0,15,20
"101",-33.5635,115.1855,20210302,NA,"Geographe","Y",80,80,"N",0,0,0,4,7,1,0,8,20
"101",-33.5635,115.1855,20210302,NA,"Geographe","Y",80,80,"S",0,0,0,0,20,0,0,0,20
"101",-33.5635,115.1855,20210302,NA,"Geographe","Y",80,80,"W",0,0,0,2,7,0,0,11,20
"147",-33.5748,115.1841,20210302,NA,"Geographe","y",80,80,"E",0,0,0,0,2,0,0,18,20
"147",-33.5748,115.1841,20210302,NA,"Geographe","y",80,80,"N",0,0,0,2,7,0,0,11,20
"147",-33.5748,115.1841,20210302,NA,"Geographe","y",80,80,"S",0,0,0,0,0,0,0,20,20
"147",-33.5748,115.1841,20210302,NA,"Geographe","y",80,80,"W",0,0,0,0,0,0,0,20,20
"189",-33.573,115.1959,20210302,NA,"Geographe","Y",78,78,"E",0,0,0,6,12,0,0,2,20
"189",-33.573,115.1959,20210302,NA,"Geographe","Y",78,78,"N",0,3,0,6,7,0,0,1,17
"189",-33.573,115.1959,20210302,NA,"Geographe","Y",78,78,"S",0,1,0,5,13,0,0,0,19
"189",-33.573,115.1959,20210302,NA,"Geographe","Y",78,78,"W",0,0,0,2,17,1,0,0,20
"239",-33.5843,115.1935,20210302,NA,"Geographe","y",79,79,"E",0,0,0,2,15,0,0,3,20
"239",-33.5843,115.1935,20210302,NA,"Geographe","y",79,79,"N",0,0,0,0,20,0,0,0,20
"239",-33.5843,115.1935,20210302,NA,"Geographe","y",79,79,"S",0,0,0,1,12,0,0,6,19
"239",-33.5843,115.1935,20210302,NA,"Geographe","y",79,79,"W",0,0,0,1,19,0,0,0,20
"85",-33.5787,115.2004,20210302,NA,"Geographe","Y",77,77,"E",0,0,0,3,15,0,0,2,20
"85",-33.5787,115.2004,20210302,NA,"Geographe","Y",77,77,"N",0,0,0,1,19,0,0,0,20
"85",-33.5787,115.2004,20210302,NA,"Geographe","Y",77,77,"S",0,0,0,2,11,0,0,7,20
"85",-33.5787,115.2004,20210302,NA,"Geographe","Y",77,77,"W",0,0,0,3,8,0,0,6,17
"63",-33.582,115.2022,20210302,NA,"Geographe","y",80,80,"E",0,0,0,4,14,0,0,0,18
"63",-33.582,115.2022,20210302,NA,"Geographe","y",80,80,"N",0,0,0,2,11,0,0,7,20
"63",-33.582,115.2022,20210302,NA,"Geographe","y",80,80,"S",0,0,0,8,10,0,0,2,20
"63",-33.582,115.2022,20210302,NA,"Geographe","y",80,80,"W",0,0,0,0,20,0,0,0,20
"66",-33.5788,115.2066,20210302,NA,"Geographe","Y",78,78,"E",0,0,0,0,1,0,0,19,20
"66",-33.5788,115.2066,20210302,NA,"Geographe","Y",78,78,"N",0,0,0,2,7,0,0,10,19
"66",-33.5788,115.2066,20210302,NA,"Geographe","Y",78,78,"S",0,0,0,0,5,0,0,14,19
"66",-33.5788,115.2066,20210302,NA,"Geographe","Y",78,78,"W",0,0,0,0,2,0,0,18,20
"81",-33.574,115.2101,20210302,NA,"Geographe","Y",78,78,"E",0,0,0,1,10,0,0,9,20
"81",-33.574,115.2101,20210302,NA,"Geographe","Y",78,78,"N",0,0,0,1,14,0,0,5,20
"81",-33.574,115.2101,20210302,NA,"Geographe","Y",78,78,"S",0,0,0,3,3,0,0,14,20
"81",-33.574,115.2101,20210302,NA,"Geographe","Y",78,78,"W",0,0,0,3,9,0,0,6,18
"54",-33.5772,115.2115,20210302,NA,"Geographe","Y",80,80,"E",0,0,0,1,2,0,0,17,20
"54",-33.5772,115.2115,20210302,NA,"Geographe","Y",80,80,"N",0,0,0,1,0,0,0,19,20
"54",-33.5772,115.2115,20210302,NA,"Geographe","Y",80,80,"S",0,0,0,1,1,0,0,18,20
"54",-33.5772,115.2115,20210302,NA,"Geographe","Y",80,80,"W",0,0,0,1,5,0,0,14,20
"93",-33.5837,115.2153,20210302,NA,"Geographe","Y",80,80,"E",0,0,0,0,13,0,0,7,20
"93",-33.5837,115.2153,20210302,NA,"Geographe","Y",80,80,"N",0,0,0,0,17,0,0,2,19
"93",-33.5837,115.2153,20210302,NA,"Geographe","Y",80,80,"S",0,0,0,0,10,0,0,10,20
"93",-33.5837,115.2153,20210302,NA,"Geographe","Y",80,80,"W",0,0,0,1,1,0,0,18,20
"74",-33.5837,115.2119,20210302,NA,"Geographe","Y",80,80,"E",0,0,0,0,1,0,0,19,20
"74",-33.5837,115.2119,20210302,NA,"Geographe","Y",80,80,"N",0,0,0,0,9,0,0,11,20
"74",-33.5837,115.2119,20210302,NA,"Geographe","Y",80,80,"S",0,0,0,1,2,0,0,17,20
"74",-33.5837,115.2119,20210302,NA,"Geographe","Y",80,80,"W",0,1,0,0,2,0,0,17,20
"51",-33.587,115.2134,20210302,NA,"Geographe","Y",80,80,"E",0,0,0,0,9,0,0,11,20
"51",-33.587,115.2134,20210302,NA,"Geographe","Y",80,80,"N",0,0,0,1,8,0,0,11,20
"51",-33.587,115.2134,20210302,NA,"Geographe","Y",80,80,"S",0,0,0,1,1,0,0,18,20
"51",-33.587,115.2134,20210302,NA,"Geographe","Y",80,80,"W",0,0,0,0,2,0,0,18,20
"83",-33.5884,115.2055,20210302,NA,"Geographe","Y",80,80,"E",0,0,0,6,10,0,0,3,19
"83",-33.5884,115.2055,20210302,NA,"Geographe","Y",80,80,"N",0,0,0,3,16,0,0,0,19
"83",-33.5884,115.2055,20210302,NA,"Geographe","Y",80,80,"S",0,0,0,4,14,0,0,2,20
"83",-33.5884,115.2055,20210302,NA,"Geographe","Y",80,80,"W",0,0,0,0,20,0,0,0,20
"55",-33.5917,115.2069,20210302,NA,"Geographe","Y",80,80,"E",0,0,0,0,20,0,0,0,20
"55",-33.5917,115.2069,20210302,NA,"Geographe","Y",80,80,"N",0,2,0,0,18,0,0,0,20
"55",-33.5917,115.2069,20210302,NA,"Geographe","Y",80,80,"S",0,0,0,0,20,0,0,0,20
"55",-33.5917,115.2069,20210302,NA,"Geographe","Y",80,80,"W",0,0,0,1,17,0,0,2,20
"97",-33.5949,115.2038,20210302,NA,"Geographe","Y",80,80,"E",0,0,0,3,3,0,0,14,20
"97",-33.5949,115.2038,20210302,NA,"Geographe","Y",80,80,"N",0,0,0,4,9,0,0,6,19
"97",-33.5949,115.2038,20210302,NA,"Geographe","Y",80,80,"S",0,2,0,8,3,0,0,7,20
"97",-33.5949,115.2038,20210302,NA,"Geographe","Y",80,80,"W",0,0,0,2,9,0,0,9,20
"86",-33.5933,115.2087,20210302,NA,"Geographe","Y",80,80,"E",0,0,0,1,19,0,0,0,20
"86",-33.5933,115.2087,20210302,NA,"Geographe","Y",80,80,"N",0,1,0,6,13,0,0,0,20
"86",-33.5933,115.2087,20210302,NA,"Geographe","Y",80,80,"S",0,7,0,3,9,1,0,0,20
"86",-33.5933,115.2087,20210302,NA,"Geographe","Y",80,80,"W",0,10,0,7,2,0,1,0,20
"68",-33.5934,115.2149,20210302,NA,"Geographe","Y",80,80,"E",0,2,0,1,16,0,0,1,20
"68",-33.5934,115.2149,20210302,NA,"Geographe","Y",80,80,"N",0,0,0,0,20,0,0,0,20
"68",-33.5934,115.2149,20210302,NA,"Geographe","Y",80,80,"S",0,0,0,0,20,0,0,0,20
"68",-33.5934,115.2149,20210302,NA,"Geographe","Y",80,80,"W",0,7,0,1,12,0,0,0,20
"53",-33.5992,115.2197,20210302,NA,"Geographe","Y",78,78,"E",0,0,0,0,18,0,0,2,20
"53",-33.5992,115.2197,20210302,NA,"Geographe","Y",78,78,"N",0,0,0,0,11,0,0,7,18
"53",-33.5992,115.2197,20210302,NA,"Geographe","Y",78,78,"S",0,0,0,0,19,0,0,1,20
"53",-33.5992,115.2197,20210302,NA,"Geographe","Y",78,78,"W",0,0,0,7,7,0,0,6,20
"65",-33.6009,115.2278,20210302,NA,"Geographe","Y",80,80,"E",0,0,0,2,10,0,0,8,20
"65",-33.6009,115.2278,20210302,NA,"Geographe","Y",80,80,"N",0,0,0,0,1,0,0,19,20
"65",-33.6009,115.2278,20210302,NA,"Geographe","Y",80,80,"S",0,0,0,2,2,0,0,16,20
"65",-33.6009,115.2278,20210302,NA,"Geographe","Y",80,80,"W",0,0,0,0,2,0,0,18,20
"84",-33.6009,115.2313,20210302,NA,"Geographe","Y",80,80,"E",0,0,0,0,11,0,0,9,20
"84",-33.6009,115.2313,20210302,NA,"Geographe","Y",80,80,"N",0,0,0,0,0,0,0,20,20
"84",-33.6009,115.2313,20210302,NA,"Geographe","Y",80,80,"S",0,0,0,0,18,0,0,2,20
"84",-33.6009,115.2313,20210302,NA,"Geographe","Y",80,80,"W",0,0,0,0,8,0,0,12,20
"77",-33.596,115.2247,20210302,NA,"Geographe","Y",80,80,"E",0,0,0,3,1,0,0,16,20
"77",-33.596,115.2247,20210302,NA,"Geographe","Y",80,80,"N",0,0,0,1,5,0,0,14,20
"77",-33.596,115.2247,20210302,NA,"Geographe","Y",80,80,"S",0,0,0,3,9,0,0,8,20
"77",-33.596,115.2247,20210302,NA,"Geographe","Y",80,80,"W",0,0,0,5,4,0,0,11,20
"61",-33.5895,115.2215,20210302,NA,"Geographe","Y",80,80,"E",0,0,1,0,0,0,0,19,20
"61",-33.5895,115.2215,20210302,NA,"Geographe","Y",80,80,"N",0,0,1,0,0,0,0,19,20
"61",-33.5895,115.2215,20210302,NA,"Geographe","Y",80,80,"S",0,0,4,0,0,0,0,16,20
"61",-33.5895,115.2215,20210302,NA,"Geographe","Y",80,80,"W",0,0,2,0,0,0,0,18,20
"69",-33.5863,115.2183,20210302,NA,"Geographe","Y",79,79,"E",0,0,0,0,0,0,0,20,20
"69",-33.5863,115.2183,20210302,NA,"Geographe","Y",79,79,"N",0,0,0,0,0,0,0,20,20
"69",-33.5863,115.2183,20210302,NA,"Geographe","Y",79,79,"S",0,0,1,0,0,0,0,19,20
"69",-33.5863,115.2183,20210302,NA,"Geographe","Y",79,79,"W",0,0,0,0,0,0,0,19,19
"88",-33.5862,115.2217,20210302,NA,"Geographe","Y",80,80,"E",0,0,4,1,7,0,0,8,20
"88",-33.5862,115.2217,20210302,NA,"Geographe","Y",80,80,"N",0,2,0,4,2,0,0,11,19
"88",-33.5862,115.2217,20210302,NA,"Geographe","Y",80,80,"S",0,0,1,2,3,0,0,14,20
"88",-33.5862,115.2217,20210302,NA,"Geographe","Y",80,80,"W",0,0,1,1,10,0,0,8,20
"90",-33.5765,115.2198,20210302,NA,"Geographe","Y",80,80,"E",0,0,0,0,2,0,0,18,20
"90",-33.5765,115.2198,20210302,NA,"Geographe","Y",80,80,"N",0,0,0,0,1,0,0,19,20
"90",-33.5765,115.2198,20210302,NA,"Geographe","Y",80,80,"S",0,0,0,1,0,0,0,19,20
"90",-33.5765,115.2198,20210302,NA,"Geographe","Y",80,80,"W",0,0,0,0,0,0,0,20,20
"59",-33.575,115.2262,20210302,NA,"Geographe","Y",79,79,"E",0,0,0,5,15,0,0,0,20
"59",-33.575,115.2262,20210302,NA,"Geographe","Y",79,79,"N",0,0,0,7,12,0,0,0,19
"59",-33.575,115.2262,20210302,NA,"Geographe","Y",79,79,"S",0,8,0,8,0,4,0,0,20
"59",-33.575,115.2262,20210302,NA,"Geographe","Y",79,79,"W",0,8,0,4,0,0,3,0,15
"98",-33.5733,115.2215,20210302,NA,"Geographe","Y",80,80,"E",0,0,0,0,0,0,0,19,19
"98",-33.5733,115.2215,20210302,NA,"Geographe","Y",80,80,"N",0,0,0,1,0,0,0,19,20
"98",-33.5733,115.2215,20210302,NA,"Geographe","Y",80,80,"S",0,0,0,0,0,0,0,20,20
"98",-33.5733,115.2215,20210302,NA,"Geographe","Y",80,80,"W",0,0,0,0,0,0,0,20,20
"100",-33.5658,115.2022,20210302,NA,"Geographe","Y",80,80,"E",0,0,0,0,1,0,0,19,20
"100",-33.5658,115.2022,20210302,NA,"Geographe","Y",80,80,"N",0,0,0,0,0,0,0,20,20
"100",-33.5658,115.2022,20210302,NA,"Geographe","Y",80,80,"S",0,0,0,0,0,0,0,20,20
"100",-33.5658,115.2022,20210302,NA,"Geographe","Y",80,80,"W",0,0,0,0,0,0,0,20,20
"70",-33.5643,115.2101,20210302,NA,"Geographe","Y",80,80,"E",0,0,0,0,0,0,0,20,20
"70",-33.5643,115.2101,20210302,NA,"Geographe","Y",80,80,"N",0,0,0,0,0,0,0,20,20
"70",-33.5643,115.2101,20210302,NA,"Geographe","Y",80,80,"S",0,0,0,0,0,0,0,20,20
"70",-33.5643,115.2101,20210302,NA,"Geographe","Y",80,80,"W",0,0,0,0,0,0,0,20,20
"89",-33.5644,115.2136,20210302,NA,"Geographe","Y",80,80,"E",0,0,0,0,17,1,0,2,20
"89",-33.5644,115.2136,20210302,NA,"Geographe","Y",80,80,"N",0,0,0,0,16,1,0,3,20
"89",-33.5644,115.2136,20210302,NA,"Geographe","Y",80,80,"S",0,6,0,5,2,0,0,7,20
"89",-33.5644,115.2136,20210302,NA,"Geographe","Y",80,80,"W",0,0,0,4,13,0,0,3,20
"78",-33.5668,115.2168,20210302,NA,"Geographe","Y",79,79,"E",0,3,0,9,3,0,0,5,20
"78",-33.5668,115.2168,20210302,NA,"Geographe","Y",79,79,"N",0,0,0,1,2,0,0,17,20
"78",-33.5668,115.2168,20210302,NA,"Geographe","Y",79,79,"S",0,0,0,12,0,0,0,7,19
"78",-33.5668,115.2168,20210302,NA,"Geographe","Y",79,79,"W",0,0,0,4,0,0,0,16,20
"56",-33.5702,115.2247,20210302,NA,"Geographe","Y",80,80,"E",0,0,0,6,13,0,0,1,20
"56",-33.5702,115.2247,20210302,NA,"Geographe","Y",80,80,"N",0,2,0,11,4,0,0,3,20
"56",-33.5702,115.2247,20210302,NA,"Geographe","Y",80,80,"S",0,0,0,10,4,0,0,6,20
"56",-33.5702,115.2247,20210302,NA,"Geographe","Y",80,80,"W",0,0,0,5,4,0,0,11,20
"94",-33.5622,115.2331,20210302,NA,"Geographe","Y",80,80,"E",0,0,0,0,20,0,0,0,20
"94",-33.5622,115.2331,20210302,NA,"Geographe","Y",80,80,"N",0,0,0,5,15,0,0,0,20
"94",-33.5622,115.2331,20210302,NA,"Geographe","Y",80,80,"S",0,0,0,13,6,0,0,1,20
"94",-33.5622,115.2331,20210302,NA,"Geographe","Y",80,80,"W",0,6,0,1,12,1,0,0,20
"75",-33.5622,115.2297,20210302,NA,"Geographe","Y",79,79,"E",0,0,0,0,0,0,0,20,20
"75",-33.5622,115.2297,20210302,NA,"Geographe","Y",79,79,"N",0,0,0,0,0,0,0,20,20
"75",-33.5622,115.2297,20210302,NA,"Geographe","Y",79,79,"S",0,0,0,0,0,0,0,20,20
"75",-33.5622,115.2297,20210302,NA,"Geographe","Y",79,79,"W",0,0,0,0,0,0,0,19,19
"64",-33.5605,115.2199,20210302,NA,"Geographe","Y",80,80,"E",0,0,0,0,0,0,0,20,20
"64",-33.5605,115.2199,20210302,NA,"Geographe","Y",80,80,"N",0,0,0,0,0,0,0,20,20
"64",-33.5605,115.2199,20210302,NA,"Geographe","Y",80,80,"S",0,0,0,0,0,0,0,20,20
"64",-33.5605,115.2199,20210302,NA,"Geographe","Y",80,80,"W",0,0,0,0,1,0,0,19,20
"96",-33.5589,115.2261,20210302,NA,"Geographe","Y",79,79,"E",0,0,0,0,0,0,0,19,19
"96",-33.5589,115.2261,20210302,NA,"Geographe","Y",79,79,"N",0,0,0,0,0,0,0,20,20
"96",-33.5589,115.2261,20210302,NA,"Geographe","Y",79,79,"S",0,0,0,1,0,0,0,19,20
"96",-33.5589,115.2261,20210302,NA,"Geographe","Y",79,79,"W",0,0,0,0,0,0,0,19,19
"67",-33.5573,115.2244,20210302,NA,"Geographe","Y",80,80,"E",0,0,0,0,0,0,0,20,20
"67",-33.5573,115.2244,20210302,NA,"Geographe","Y",80,80,"N",0,0,0,0,0,0,0,20,20
"67",-33.5573,115.2244,20210302,NA,"Geographe","Y",80,80,"S",0,0,0,0,0,0,0,20,20
"67",-33.5573,115.2244,20210302,NA,"Geographe","Y",80,80,"W",0,0,0,0,0,0,0,20,20
"72",-33.5547,115.2146,20210302,NA,"Geographe","Y",80,80,"E",0,0,0,0,0,0,0,20,20
"72",-33.5547,115.2146,20210302,NA,"Geographe","Y",80,80,"N",0,0,0,0,0,0,0,19,19
"72",-33.5547,115.2146,20210302,NA,"Geographe","Y",80,80,"S",0,0,0,0,0,0,0,20,20
"72",-33.5547,115.2146,20210302,NA,"Geographe","Y",80,80,"W",0,0,0,0,0,0,0,20,20
"91",-33.5547,115.2116,20210302,NA,"Geographe","Y",80,80,"E",0,1,0,0,0,0,0,18,19
"91",-33.5547,115.2116,20210302,NA,"Geographe","Y",80,80,"N",0,0,0,0,0,0,0,20,20
"91",-33.5547,115.2116,20210302,NA,"Geographe","Y",80,80,"S",0,0,0,0,0,0,0,21,21
"91",-33.5547,115.2116,20210302,NA,"Geographe","Y",80,80,"W",0,0,0,0,1,0,0,19,20
"60",-33.553,115.205,20210303,NA,"Geographe","Y",80,80,"E",0,0,2,0,0,0,0,17,19
"60",-33.553,115.205,20210303,NA,"Geographe","Y",80,80,"N",0,0,0,0,0,0,0,20,20
"60",-33.553,115.205,20210303,NA,"Geographe","Y",80,80,"S",0,0,0,0,0,0,0,20,20
"60",-33.553,115.205,20210303,NA,"Geographe","Y",80,80,"W",0,0,1,0,0,0,0,19,20
"87",-33.5497,115.2053,20210303,NA,"Geographe","Y",80,80,"E",0,0,0,2,10,0,0,8,20
"87",-33.5497,115.2053,20210303,NA,"Geographe","Y",80,80,"N",0,0,0,7,7,0,0,6,20
"87",-33.5497,115.2053,20210303,NA,"Geographe","Y",80,80,"S",0,0,0,2,8,0,0,10,20
"87",-33.5497,115.2053,20210303,NA,"Geographe","Y",80,80,"W",0,0,0,3,11,0,0,6,20
"115",-33.5467,115.1977,20210303,NA,"Geographe","Y",80,80,"E",0,0,0,0,7,0,0,12,19
"115",-33.5467,115.1977,20210303,NA,"Geographe","Y",80,80,"N",0,0,0,1,6,0,0,14,21
"115",-33.5467,115.1977,20210303,NA,"Geographe","Y",80,80,"S",0,0,0,0,0,0,0,20,20
"115",-33.5467,115.1977,20210303,NA,"Geographe","Y",80,80,"W",0,0,0,1,0,0,0,19,20
"95",-33.54,115.2006,20210303,NA,"Geographe","Y",80,80,"E",0,0,0,0,0,0,0,20,20
"95",-33.54,115.2006,20210303,NA,"Geographe","Y",80,80,"N",0,0,0,0,0,0,0,20,20
"95",-33.54,115.2006,20210303,NA,"Geographe","Y",80,80,"S",0,0,0,0,0,0,0,20,20
"95",-33.54,115.2006,20210303,NA,"Geographe","Y",80,80,"W",0,0,0,0,0,0,0,20,20
"76",-33.5401,115.2085,20210303,NA,"Geographe","Y",80,80,"E",0,0,0,0,2,0,0,18,20
"76",-33.5401,115.2085,20210303,NA,"Geographe","Y",80,80,"N",0,0,0,0,0,0,0,20,20
"76",-33.5401,115.2085,20210303,NA,"Geographe","Y",80,80,"S",0,0,0,0,1,0,0,19,20
"76",-33.5401,115.2085,20210303,NA,"Geographe","Y",80,80,"W",0,0,0,0,0,0,0,20,20
"52",-33.5433,115.2036,20210303,NA,"Geographe","Y",80,80,"E",0,0,0,1,0,0,0,19,20
"52",-33.5433,115.2036,20210303,NA,"Geographe","Y",80,80,"N",0,0,0,0,0,0,0,20,20
"52",-33.5433,115.2036,20210303,NA,"Geographe","Y",80,80,"S",0,0,0,2,3,0,0,15,20
"52",-33.5433,115.2036,20210303,NA,"Geographe","Y",80,80,"W",0,0,0,1,1,0,0,18,20
"79",-33.545,115.2086,20210303,NA,"Geographe","Y",80,80,"E",0,0,0,0,0,0,0,20,20
"79",-33.545,115.2086,20210303,NA,"Geographe","Y",80,80,"N",0,0,0,0,0,0,0,20,20
"79",-33.545,115.2086,20210303,NA,"Geographe","Y",80,80,"S",0,0,0,0,0,0,0,20,20
"79",-33.545,115.2086,20210303,NA,"Geographe","Y",80,80,"W",0,0,0,0,0,0,0,20,20
"57",-33.5484,115.2164,20210303,NA,"Geographe","Y",80,80,"E",0,1,0,0,1,0,0,18,20
"57",-33.5484,115.2164,20210303,NA,"Geographe","Y",80,80,"N",0,0,0,2,0,0,0,18,20
"57",-33.5484,115.2164,20210303,NA,"Geographe","Y",80,80,"S",0,0,0,0,0,0,0,20,20
"57",-33.5484,115.2164,20210303,NA,"Geographe","Y",80,80,"W",0,0,0,0,0,0,0,20,20
"71",-33.5428,115.2279,20210303,NA,"Geographe","Y",78,78,"E",0,4,0,8,7,0,0,0,19
"71",-33.5428,115.2279,20210303,NA,"Geographe","Y",78,78,"N",0,7,0,8,4,0,0,1,20
"71",-33.5428,115.2279,20210303,NA,"Geographe","Y",78,78,"S",0,4,0,1,14,0,0,0,19
"71",-33.5428,115.2279,20210303,NA,"Geographe","Y",78,78,"W",0,7,0,6,6,0,0,1,20
"62",-33.5461,115.2311,20210303,NA,"Geographe","Y",80,80,"E",0,0,0,2,0,0,0,18,20
"62",-33.5461,115.2311,20210303,NA,"Geographe","Y",80,80,"N",0,0,0,0,1,0,0,19,20
"62",-33.5461,115.2311,20210303,NA,"Geographe","Y",80,80,"S",0,0,0,1,1,0,0,18,20
"62",-33.5461,115.2311,20210303,NA,"Geographe","Y",80,80,"W",0,0,0,0,0,0,0,20,20
"82",-33.5525,115.2279,20210303,NA,"Geographe","Y",80,80,"E",0,0,0,0,0,0,0,20,20
"82",-33.5525,115.2279,20210303,NA,"Geographe","Y",80,80,"N",0,0,0,0,0,0,0,20,20
"82",-33.5525,115.2279,20210303,NA,"Geographe","Y",80,80,"S",0,0,0,1,2,0,0,17,20
"82",-33.5525,115.2279,20210303,NA,"Geographe","Y",80,80,"W",0,0,0,0,0,0,0,20,20
"118",-33.5713,115.2398,20210303,NA,"Geographe","Y",80,80,"E",0,0,0,0,1,0,0,19,20
"118",-33.5713,115.2398,20210303,NA,"Geographe","Y",80,80,"N",0,0,0,0,1,0,0,19,20
"118",-33.5713,115.2398,20210303,NA,"Geographe","Y",80,80,"S",0,0,0,0,0,0,0,20,20
"118",-33.5713,115.2398,20210303,NA,"Geographe","Y",80,80,"W",0,0,0,0,1,0,0,19,20
"230",-33.5723,115.2482,20210303,NA,"Geographe","Y",80,80,"E",0,0,0,3,17,0,0,0,20
"230",-33.5723,115.2482,20210303,NA,"Geographe","Y",80,80,"N",0,1,0,3,12,0,0,4,20
"230",-33.5723,115.2482,20210303,NA,"Geographe","Y",80,80,"S",0,0,0,6,14,0,0,0,20
"230",-33.5723,115.2482,20210303,NA,"Geographe","Y",80,80,"W",0,0,0,14,0,0,0,6,20
"80",-33.5815,115.2295,20210303,NA,"Geographe",NA,80,80,"E",0,0,0,0,16,0,0,3,19
"80",-33.5815,115.2295,20210303,NA,"Geographe",NA,80,80,"N",0,0,0,2,7,0,0,11,20
"80",-33.5815,115.2295,20210303,NA,"Geographe",NA,80,80,"S",0,0,0,1,7,0,0,12,20
"80",-33.5815,115.2295,20210303,NA,"Geographe",NA,80,80,"W",0,0,0,1,6,0,0,13,20
"58",-33.5848,115.233,20210303,NA,"Geographe",NA,78,78,"E",0,0,0,0,0,0,0,20,20
"58",-33.5848,115.233,20210303,NA,"Geographe",NA,78,78,"N",0,0,0,0,0,0,0,20,20
"58",-33.5848,115.233,20210303,NA,"Geographe",NA,78,78,"S",0,0,0,0,0,0,0,20,20
"58",-33.5848,115.233,20210303,NA,"Geographe",NA,78,78,"W",0,0,0,0,0,0,0,18,18
"99",-33.588,115.2299,20210303,NA,"Geographe",NA,80,80,"E",0,0,0,1,1,0,0,18,20
"99",-33.588,115.2299,20210303,NA,"Geographe",NA,80,80,"N",0,0,0,0,0,0,0,20,20
"99",-33.588,115.2299,20210303,NA,"Geographe",NA,80,80,"S",0,0,0,0,3,0,0,17,20
"99",-33.588,115.2299,20210303,NA,"Geographe",NA,80,80,"W",0,0,0,1,1,0,0,18,20
"92",-33.5912,115.2282,20210303,NA,"Geographe",NA,79,79,"E",0,0,0,0,0,0,0,20,20
"92",-33.5912,115.2282,20210303,NA,"Geographe",NA,79,79,"N",0,0,0,0,0,0,0,19,19
"92",-33.5912,115.2282,20210303,NA,"Geographe",NA,79,79,"S",0,0,0,1,0,0,0,19,20
"92",-33.5912,115.2282,20210303,NA,"Geographe",NA,79,79,"W",0,0,0,0,0,0,0,20,20
"73",-33.5912,115.2312,20210303,NA,"Geographe",NA,80,80,"E",0,0,0,0,0,0,0,20,20
"73",-33.5912,115.2312,20210303,NA,"Geographe",NA,80,80,"N",0,0,0,0,0,0,0,20,20
"73",-33.5912,115.2312,20210303,NA,"Geographe",NA,80,80,"S",0,0,0,0,0,0,0,20,20
"73",-33.5912,115.2312,20210303,NA,"Geographe",NA,80,80,"W",0,0,0,0,0,0,0,20,20
"170",-33.592,115.2382,20210303,NA,"Geographe",NA,80,80,"E",0,0,0,6,12,0,0,2,20
"170",-33.592,115.2382,20210303,NA,"Geographe",NA,80,80,"N",0,0,0,0,18,0,0,2,20
"170",-33.592,115.2382,20210303,NA,"Geographe",NA,80,80,"S",0,0,0,7,4,0,0,9,20
"170",-33.592,115.2382,20210303,NA,"Geographe",NA,80,80,"W",0,0,0,4,15,0,0,1,20
"206",-33.5948,115.243,20210303,NA,"Geographe",NA,77,77,"E",0,1,0,4,13,1,0,0,19
"206",-33.5948,115.243,20210303,NA,"Geographe",NA,77,77,"N",0,0,0,1,18,0,0,0,19
"206",-33.5948,115.243,20210303,NA,"Geographe",NA,77,77,"S",0,0,0,0,20,0,0,0,20
"206",-33.5948,115.243,20210303,NA,"Geographe",NA,77,77,"W",0,0,0,0,19,0,0,0,19
"158",-33.6027,115.2546,20210303,NA,"Geographe",NA,80,80,"E",0,0,0,0,20,0,0,0,20
"158",-33.6027,115.2546,20210303,NA,"Geographe",NA,80,80,"N",0,0,0,0,20,0,0,0,20
"158",-33.6027,115.2546,20210303,NA,"Geographe",NA,80,80,"S",0,0,0,3,12,0,0,5,20
"158",-33.6027,115.2546,20210303,NA,"Geographe",NA,80,80,"W",0,0,0,0,20,0,0,0,20
"120",-33.5906,115.2584,20210303,NA,"Geographe",NA,81,81,"E",0,0,0,3,15,0,0,2,20
"120",-33.5906,115.2584,20210303,NA,"Geographe",NA,81,81,"N",0,1,0,6,13,0,0,1,21
"120",-33.5906,115.2584,20210303,NA,"Geographe",NA,81,81,"S",0,0,0,6,5,0,0,9,20
"120",-33.5906,115.2584,20210303,NA,"Geographe",NA,81,81,"W",0,0,0,2,16,0,0,2,20
"232",-33.5914,115.2502,20210303,NA,"Geographe",NA,80,80,"E",0,0,0,1,18,1,0,0,20
"232",-33.5914,115.2502,20210303,NA,"Geographe",NA,80,80,"N",0,0,0,0,20,0,0,0,20
"232",-33.5914,115.2502,20210303,NA,"Geographe",NA,80,80,"S",0,0,0,1,19,0,0,0,20
"232",-33.5914,115.2502,20210303,NA,"Geographe",NA,80,80,"W",0,0,0,0,20,0,0,0,20
"247",-33.5845,115.2409,20210303,NA,"Geographe",NA,80,80,"E",0,0,0,8,6,0,0,6,20
"247",-33.5845,115.2409,20210303,NA,"Geographe",NA,80,80,"N",0,0,0,3,11,0,0,6,20
"247",-33.5845,115.2409,20210303,NA,"Geographe",NA,80,80,"S",0,0,0,7,10,0,0,3,20
"247",-33.5845,115.2409,20210303,NA,"Geographe",NA,80,80,"W",0,0,0,0,16,0,0,4,20
"133",-33.5798,115.2491,20210303,NA,"Geographe",NA,80,80,"E",0,0,0,4,5,0,0,11,20
"133",-33.5798,115.2491,20210303,NA,"Geographe",NA,80,80,"N",0,0,0,5,10,0,0,5,20
"133",-33.5798,115.2491,20210303,NA,"Geographe",NA,80,80,"S",0,0,0,3,5,0,0,12,20
"133",-33.5798,115.2491,20210303,NA,"Geographe",NA,80,80,"W",0,0,0,2,0,0,0,18,20
"106",-33.5539,115.2544,20210303,NA,"Geographe",NA,81,81,"E",0,0,0,2,13,0,0,5,20
"106",-33.5539,115.2544,20210303,NA,"Geographe",NA,81,81,"N",0,0,0,10,2,0,0,8,20
"106",-33.5539,115.2544,20210303,NA,"Geographe",NA,81,81,"S",0,0,0,12,6,0,0,2,20
"106",-33.5539,115.2544,20210303,NA,"Geographe",NA,81,81,"W",0,0,0,7,4,0,0,10,21
"219",-33.5492,115.2582,20210303,NA,"Geographe",NA,80,80,"E",0,0,0,1,0,0,0,19,20
"219",-33.5492,115.2582,20210303,NA,"Geographe",NA,80,80,"N",0,0,0,1,0,0,0,19,20
"219",-33.5492,115.2582,20210303,NA,"Geographe",NA,80,80,"S",0,0,0,1,0,0,0,19,20
"219",-33.5492,115.2582,20210303,NA,"Geographe",NA,80,80,"W",0,0,0,1,0,0,0,19,20
"152",-33.5437,115.2653,20210303,NA,"Geographe",NA,79,79,"E",0,0,0,1,8,0,0,11,20
"152",-33.5437,115.2653,20210303,NA,"Geographe",NA,79,79,"N",0,0,0,1,7,0,0,12,20
"152",-33.5437,115.2653,20210303,NA,"Geographe",NA,79,79,"S",0,0,0,1,0,0,0,19,20
"152",-33.5437,115.2653,20210303,NA,"Geographe",NA,79,79,"W",0,0,0,0,0,0,0,19,19
"236",-33.5413,115.2891,20210303,NA,"Geographe",NA,80,80,"E",0,0,0,0,0,0,0,20,20
"236",-33.5413,115.2891,20210303,NA,"Geographe",NA,80,80,"N",0,0,0,0,0,0,0,20,20
"236",-33.5413,115.2891,20210303,NA,"Geographe",NA,80,80,"S",0,0,0,0,0,0,0,20,20
"236",-33.5413,115.2891,20210303,NA,"Geographe",NA,80,80,"W",0,0,0,1,0,0,0,19,20
"164",-33.5523,115.2746,20210303,NA,"Geographe",NA,80,80,"E",0,0,0,0,0,0,0,20,20
"164",-33.5523,115.2746,20210303,NA,"Geographe",NA,80,80,"N",0,0,0,0,0,0,0,20,20
"164",-33.5523,115.2746,20210303,NA,"Geographe",NA,80,80,"S",0,0,0,1,0,0,0,19,20
"164",-33.5523,115.2746,20210303,NA,"Geographe",NA,80,80,"W",0,0,0,0,0,0,0,20,20
"198",-33.5634,115.2626,20210303,NA,"Geographe",NA,80,80,"E",0,0,0,13,0,0,0,7,20
"198",-33.5634,115.2626,20210303,NA,"Geographe",NA,80,80,"N",0,0,0,4,0,0,0,16,20
"198",-33.5634,115.2626,20210303,NA,"Geographe",NA,80,80,"S",0,0,0,5,0,0,0,15,20
"198",-33.5634,115.2626,20210303,NA,"Geographe",NA,80,80,"W",0,0,0,7,0,0,0,13,20
"125",-33.5738,115.2682,20210303,NA,"Geographe",NA,80,80,"E",0,0,0,1,18,0,0,1,20
"125",-33.5738,115.2682,20210303,NA,"Geographe",NA,80,80,"N",0,0,0,7,9,2,0,2,20
"125",-33.5738,115.2682,20210303,NA,"Geographe",NA,80,80,"S",0,0,0,2,13,0,0,4,19
"125",-33.5738,115.2682,20210303,NA,"Geographe",NA,80,80,"W",0,0,0,8,7,0,0,5,20
"137",-33.5823,115.2692,20210303,NA,"Geographe",NA,80,80,"E",0,0,0,0,14,0,0,6,20
"137",-33.5823,115.2692,20210303,NA,"Geographe",NA,80,80,"N",0,0,0,2,16,0,0,2,20
"137",-33.5823,115.2692,20210303,NA,"Geographe",NA,80,80,"S",0,0,0,2,17,0,0,1,20
"137",-33.5823,115.2692,20210303,NA,"Geographe",NA,80,80,"W",0,0,0,2,11,0,0,7,20
"213",-33.6002,115.2714,20210303,NA,"Geographe",NA,81,81,"E",0,0,0,1,18,0,0,0,19
"213",-33.6002,115.2714,20210303,NA,"Geographe",NA,81,81,"N",0,0,0,4,13,0,0,0,17
"213",-33.6002,115.2714,20210303,NA,"Geographe",NA,81,81,"S",0,0,0,3,14,0,0,3,20
"213",-33.6002,115.2714,20210303,NA,"Geographe",NA,81,81,"W",0,0,0,6,7,0,0,8,21
"244",-33.604,115.2784,20210303,NA,"Geographe",NA,80,80,"E",0,0,0,2,17,0,0,1,20
"244",-33.604,115.2784,20210303,NA,"Geographe",NA,80,80,"N",0,0,0,0,20,0,0,0,20
"244",-33.604,115.2784,20210303,NA,"Geographe",NA,80,80,"S",0,0,0,5,14,0,0,1,20
"244",-33.604,115.2784,20210303,NA,"Geographe",NA,80,80,"W",0,0,0,1,19,0,0,0,20
"128",-33.5994,115.2867,20210303,NA,"Geographe",NA,79,79,"E",0,5,0,1,12,0,0,2,20
"128",-33.5994,115.2867,20210303,NA,"Geographe",NA,79,79,"N",0,0,0,2,18,0,0,0,20
"128",-33.5994,115.2867,20210303,NA,"Geographe",NA,79,79,"S",0,0,0,11,8,0,0,1,20
"128",-33.5994,115.2867,20210303,NA,"Geographe",NA,79,79,"W",0,0,0,8,12,0,0,0,20
"185",-33.5976,115.2902,20210303,NA,"Geographe",NA,80,80,"E",0,1,0,7,4,0,0,8,20
"185",-33.5976,115.2902,20210303,NA,"Geographe",NA,80,80,"N",0,0,0,8,7,0,0,3,18
"185",-33.5976,115.2902,20210303,NA,"Geographe",NA,80,80,"S",0,0,0,3,7,0,0,10,20
"185",-33.5976,115.2902,20210303,NA,"Geographe",NA,80,80,"W",0,0,0,3,13,0,0,5,21
"203",-33.589,115.2811,20210303,NA,"Geographe",NA,80,80,"E",0,0,0,6,9,0,0,5,20
"203",-33.589,115.2811,20210303,NA,"Geographe",NA,80,80,"N",0,0,0,2,16,0,0,2,20
"203",-33.589,115.2811,20210303,NA,"Geographe",NA,80,80,"S",0,0,0,14,6,0,0,0,20
"203",-33.589,115.2811,20210303,NA,"Geographe",NA,80,80,"W",0,0,0,0,17,0,0,3,20
"111",-33.5798,115.2917,20210303,NA,"Geographe",NA,80,80,"E",0,0,0,5,7,0,0,8,20
"111",-33.5798,115.2917,20210303,NA,"Geographe",NA,80,80,"N",0,0,0,2,18,0,0,0,20
"111",-33.5798,115.2917,20210303,NA,"Geographe",NA,80,80,"S",0,0,0,0,9,0,0,12,21
"111",-33.5798,115.2917,20210303,NA,"Geographe",NA,80,80,"W",0,0,0,0,14,0,0,6,20
"154",-33.5693,115.2837,20210303,NA,"Geographe",NA,80,80,"E",0,8,0,6,4,0,0,1,19
"154",-33.5693,115.2837,20210303,NA,"Geographe",NA,80,80,"N",0,0,0,8,6,0,0,5,19
"154",-33.5693,115.2837,20210303,NA,"Geographe",NA,80,80,"S",0,5,0,9,0,0,0,4,18
"154",-33.5693,115.2837,20210303,NA,"Geographe",NA,80,80,"W",0,8,0,8,2,0,0,3,21
"177",-33.561,115.2956,20210303,NA,"Geographe",NA,80,80,"E",0,0,0,1,9,0,0,9,19
"177",-33.561,115.2956,20210303,NA,"Geographe",NA,80,80,"N",0,0,0,2,13,0,0,5,20
"177",-33.561,115.2956,20210303,NA,"Geographe",NA,80,80,"S",0,0,0,0,2,0,0,18,20
"177",-33.561,115.2956,20210303,NA,"Geographe",NA,80,80,"W",0,0,0,3,2,0,0,15,20
"150",-33.5569,115.3028,20210303,NA,"Geographe",NA,81,81,"E",0,0,0,12,7,0,0,1,20
"150",-33.5569,115.3028,20210303,NA,"Geographe",NA,81,81,"N",0,0,0,16,1,0,0,4,21
"150",-33.5569,115.3028,20210303,NA,"Geographe",NA,81,81,"S",0,0,0,13,0,0,0,7,20
"150",-33.5569,115.3028,20210303,NA,"Geographe",NA,81,81,"W",0,0,0,10,0,0,0,10,20
"245",-33.5665,115.3171,20210303,NA,"Geographe",NA,80,80,"E",0,0,0,0,20,0,0,0,20
"245",-33.5665,115.3171,20210303,NA,"Geographe",NA,80,80,"N",0,0,0,14,4,2,0,0,20
"245",-33.5665,115.3171,20210303,NA,"Geographe",NA,80,80,"S",0,0,0,15,5,0,0,0,20
"245",-33.5665,115.3171,20210303,NA,"Geographe",NA,80,80,"W",0,0,0,12,7,1,0,0,20
"112",-33.5674,115.3109,20210303,NA,"Geographe",NA,76,76,"E",0,0,0,2,18,0,0,0,20
"112",-33.5674,115.3109,20210303,NA,"Geographe",NA,76,76,"N",0,0,0,4,9,2,0,0,15
"112",-33.5674,115.3109,20210303,NA,"Geographe",NA,76,76,"S",0,0,0,3,17,0,0,0,20
"112",-33.5674,115.3109,20210303,NA,"Geographe",NA,76,76,"W",0,0,0,7,7,3,0,0,17
"225",-33.5711,115.3051,20210303,NA,"Geographe",NA,80,80,"E",0,2,0,5,12,1,0,0,20
"225",-33.5711,115.3051,20210303,NA,"Geographe",NA,80,80,"N",0,0,0,0,20,0,0,0,20
"225",-33.5711,115.3051,20210303,NA,"Geographe",NA,80,80,"S",0,12,0,7,1,0,0,0,20
"225",-33.5711,115.3051,20210303,NA,"Geographe",NA,80,80,"W",0,2,0,8,9,1,0,0,20
"238",-33.5795,115.3073,20210303,NA,"Geographe",NA,80,80,"E",0,0,0,0,1,0,0,19,20
"238",-33.5795,115.3073,20210303,NA,"Geographe",NA,80,80,"N",0,0,0,0,0,0,0,20,20
"238",-33.5795,115.3073,20210303,NA,"Geographe",NA,80,80,"S",0,0,0,1,2,0,0,17,20
"238",-33.5795,115.3073,20210303,NA,"Geographe",NA,80,80,"W",0,0,0,1,2,0,0,17,20
"209",-33.577,115.3287,20210303,NA,"Geographe",NA,80,80,"E",0,0,0,3,17,0,0,0,20
"209",-33.577,115.3287,20210303,NA,"Geographe",NA,80,80,"N",0,3,0,12,5,0,0,0,20
"209",-33.577,115.3287,20210303,NA,"Geographe",NA,80,80,"S",0,2,0,6,7,0,0,5,20
"209",-33.577,115.3287,20210303,NA,"Geographe",NA,80,80,"W",0,1,0,17,1,1,0,0,20
"130",-33.562,115.3252,20210303,NA,"Geographe",NA,81,81,"E",0,0,0,0,19,0,0,1,20
"130",-33.562,115.3252,20210303,NA,"Geographe",NA,81,81,"N",0,0,0,0,20,0,0,0,20
"130",-33.562,115.3252,20210303,NA,"Geographe",NA,81,81,"S",0,0,0,6,12,0,0,2,20
"130",-33.562,115.3252,20210303,NA,"Geographe",NA,81,81,"W",0,0,0,0,21,0,0,0,21
"161",-33.5657,115.3311,20210303,NA,"Geographe",NA,79,79,"E",0,0,0,7,0,0,0,13,20
"161",-33.5657,115.3311,20210303,NA,"Geographe",NA,79,79,"N",0,0,0,1,5,0,0,13,19
"161",-33.5657,115.3311,20210303,NA,"Geographe",NA,79,79,"S",0,0,0,8,7,0,0,5,20
"161",-33.5657,115.3311,20210303,NA,"Geographe",NA,79,79,"W",0,0,0,7,10,0,0,3,20
"194",-33.5686,115.3381,20210303,NA,"Geographe",NA,79,79,"E",0,0,0,3,17,0,0,0,20
"194",-33.5686,115.3381,20210303,NA,"Geographe",NA,79,79,"N",0,0,0,4,14,0,0,1,19
"194",-33.5686,115.3381,20210303,NA,"Geographe",NA,79,79,"S",0,0,0,0,17,0,0,0,17
"194",-33.5686,115.3381,20210303,NA,"Geographe",NA,79,79,"W",0,0,0,2,10,0,0,8,20
"242",-33.577,115.3548,20210304,NA,"Geographe",NA,80,80,"E",0,0,0,8,0,0,0,12,20
"242",-33.577,115.3548,20210304,NA,"Geographe",NA,80,80,"N",0,0,0,3,7,0,0,10,20
"242",-33.577,115.3548,20210304,NA,"Geographe",NA,80,80,"S",0,0,0,0,17,0,0,3,20
"242",-33.577,115.3548,20210304,NA,"Geographe",NA,80,80,"W",0,0,0,1,15,0,0,4,20
"116",-33.576,115.3534,20210304,NA,"Geographe",NA,80,80,"E",0,0,0,2,10,0,0,8,20
"116",-33.576,115.3534,20210304,NA,"Geographe",NA,80,80,"N",0,0,0,1,11,0,0,7,19
"116",-33.576,115.3534,20210304,NA,"Geographe",NA,80,80,"S",0,0,0,0,20,0,0,0,20
"116",-33.576,115.3534,20210304,NA,"Geographe",NA,80,80,"W",0,0,0,1,11,0,0,9,21
"140",-33.5706,115.3452,20210304,NA,"Geographe",NA,80,80,"E",0,0,0,4,16,0,0,0,20
"140",-33.5706,115.3452,20210304,NA,"Geographe",NA,80,80,"N",0,0,0,5,15,0,0,0,20
"140",-33.5706,115.3452,20210304,NA,"Geographe",NA,80,80,"S",0,0,0,5,15,0,0,0,20
"140",-33.5706,115.3452,20210304,NA,"Geographe",NA,80,80,"W",0,0,0,11,7,0,0,2,20
"103",-33.5593,115.3395,20210304,NA,"Geographe",NA,81,81,"E",0,0,0,0,20,0,0,0,20
"103",-33.5593,115.3395,20210304,NA,"Geographe",NA,81,81,"N",0,0,0,2,18,0,0,0,20
"103",-33.5593,115.3395,20210304,NA,"Geographe",NA,81,81,"S",0,0,0,0,20,0,0,0,20
"103",-33.5593,115.3395,20210304,NA,"Geographe",NA,81,81,"W",0,0,0,0,21,0,0,0,21
"180",-33.549,115.3432,20210304,NA,"Geographe",NA,80,80,"E",0,0,0,0,20,0,0,0,20
"180",-33.549,115.3432,20210304,NA,"Geographe",NA,80,80,"N",0,0,0,2,18,0,0,0,20
"180",-33.549,115.3432,20210304,NA,"Geographe",NA,80,80,"S",0,0,0,5,13,0,0,2,20
"180",-33.549,115.3432,20210304,NA,"Geographe",NA,80,80,"W",0,0,0,1,19,0,0,0,20
"224",-33.5461,115.334,20210304,NA,"Geographe",NA,80,80,"E",0,0,0,0,20,0,0,0,20
"224",-33.5461,115.334,20210304,NA,"Geographe",NA,80,80,"N",0,0,0,2,18,0,0,0,20
"224",-33.5461,115.334,20210304,NA,"Geographe",NA,80,80,"S",0,0,0,2,18,0,0,0,20
"224",-33.5461,115.334,20210304,NA,"Geographe",NA,80,80,"W",0,0,0,1,15,0,0,4,20
"241",-33.5293,115.3462,20210304,NA,"Geographe",NA,79,79,"E",0,0,0,3,15,1,0,1,20
"241",-33.5293,115.3462,20210304,NA,"Geographe",NA,79,79,"N",0,0,0,0,19,0,0,0,19
"241",-33.5293,115.3462,20210304,NA,"Geographe",NA,79,79,"S",0,0,0,16,3,1,0,0,20
"241",-33.5293,115.3462,20210304,NA,"Geographe",NA,79,79,"W",0,0,0,16,3,0,0,0,19
"167",-33.5407,115.3505,20210304,NA,"Geographe",NA,78,78,"E",0,0,0,2,15,0,0,2,19
"167",-33.5407,115.3505,20210304,NA,"Geographe",NA,78,78,"N",0,0,0,4,11,0,0,5,20
"167",-33.5407,115.3505,20210304,NA,"Geographe",NA,78,78,"S",0,0,0,10,9,0,0,1,20
"167",-33.5407,115.3505,20210304,NA,"Geographe",NA,78,78,"W",0,0,0,1,15,0,0,3,19
"141",-33.5423,115.3552,20210304,NA,"Geographe",NA,78,78,"E",0,0,0,0,20,0,0,0,20
"141",-33.5423,115.3552,20210304,NA,"Geographe",NA,78,78,"N",0,0,0,0,20,0,0,0,20
"141",-33.5423,115.3552,20210304,NA,"Geographe",NA,78,78,"S",0,0,0,3,16,0,0,1,20
"141",-33.5423,115.3552,20210304,NA,"Geographe",NA,78,78,"W",0,0,0,2,14,0,0,2,18
"190",-33.5657,115.3571,20210304,NA,"Geographe",NA,80,80,"E",0,0,0,0,19,0,0,0,19
"190",-33.5657,115.3571,20210304,NA,"Geographe",NA,80,80,"N",0,0,0,1,19,0,0,0,20
"190",-33.5657,115.3571,20210304,NA,"Geographe",NA,80,80,"S",0,0,0,0,15,0,0,0,15
"190",-33.5657,115.3571,20210304,NA,"Geographe",NA,80,80,"W",0,0,0,0,18,0,0,0,18
"227",-33.5687,115.362,20210304,NA,"Geographe",NA,78,78,"E",0,0,0,2,10,0,0,7,19
"227",-33.5687,115.362,20210304,NA,"Geographe",NA,78,78,"N",0,0,0,0,15,0,0,4,19
"227",-33.5687,115.362,20210304,NA,"Geographe",NA,78,78,"S",0,0,0,2,18,0,0,0,20
"227",-33.5687,115.362,20210304,NA,"Geographe",NA,78,78,"W",0,0,0,5,10,0,0,5,20
"175",-33.5716,115.3713,20210304,NA,"Geographe",NA,79,79,"E",0,0,0,5,15,0,0,0,20
"175",-33.5716,115.3713,20210304,NA,"Geographe",NA,79,79,"N",0,0,0,10,8,0,0,2,20
"175",-33.5716,115.3713,20210304,NA,"Geographe",NA,79,79,"S",0,0,0,0,19,0,0,0,19
"175",-33.5716,115.3713,20210304,NA,"Geographe",NA,79,79,"W",0,0,0,4,16,0,0,0,20
"196",-33.5745,115.3762,20210304,NA,"Geographe",NA,80,80,"E",0,0,0,4,8,0,0,8,20
"196",-33.5745,115.3762,20210304,NA,"Geographe",NA,80,80,"N",0,0,0,0,11,0,0,9,20
"196",-33.5745,115.3762,20210304,NA,"Geographe",NA,80,80,"S",0,0,0,0,14,0,0,0,14
"196",-33.5745,115.3762,20210304,NA,"Geographe",NA,80,80,"W",0,0,0,0,10,0,0,10,20
"35",-33.5702,115.381,20210304,NA,"Geographe",NA,80,80,"E",0,0,0,0,20,0,0,0,20
"35",-33.5702,115.381,20210304,NA,"Geographe",NA,80,80,"N",0,0,0,0,17,0,0,3,20
"35",-33.5702,115.381,20210304,NA,"Geographe",NA,80,80,"S",0,0,0,2,14,0,0,4,20
"35",-33.5702,115.381,20210304,NA,"Geographe",NA,80,80,"W",0,0,0,1,10,0,0,9,20
"17",-33.5696,115.3836,20210304,NA,"Geographe",NA,80,80,"E",0,0,0,1,7,0,0,12,20
"17",-33.5696,115.3836,20210304,NA,"Geographe",NA,80,80,"N",0,0,0,0,7,0,0,13,20
"17",-33.5696,115.3836,20210304,NA,"Geographe",NA,80,80,"S",0,0,0,2,16,0,0,2,20
"17",-33.5696,115.3836,20210304,NA,"Geographe",NA,80,80,"W",0,0,0,0,19,0,0,1,20
"8",-33.5684,115.3783,20210304,NA,"Geographe",NA,80,80,"E",0,0,0,0,11,0,0,9,20
"8",-33.5684,115.3783,20210304,NA,"Geographe",NA,80,80,"N",0,0,0,0,13,0,0,7,20
"8",-33.5684,115.3783,20210304,NA,"Geographe",NA,80,80,"S",0,0,0,0,11,0,0,9,20
"8",-33.5684,115.3783,20210304,NA,"Geographe",NA,80,80,"W",0,0,0,0,17,0,0,3,20
"25",-33.565,115.3759,20210304,NA,"Geographe",NA,80,80,"E",0,0,0,8,12,0,0,0,20
"25",-33.565,115.3759,20210304,NA,"Geographe",NA,80,80,"N",0,0,0,0,20,0,0,0,20
"25",-33.565,115.3759,20210304,NA,"Geographe",NA,80,80,"S",0,0,0,3,17,0,0,0,20
"25",-33.565,115.3759,20210304,NA,"Geographe",NA,80,80,"W",0,0,0,8,10,0,0,2,20
"36",-33.5644,115.3824,20210304,NA,"Geographe",NA,78,78,"E",0,0,0,2,17,0,0,1,20
"36",-33.5644,115.3824,20210304,NA,"Geographe",NA,78,78,"N",0,0,0,0,20,0,0,0,20
"36",-33.5644,115.3824,20210304,NA,"Geographe",NA,78,78,"S",0,2,0,6,6,0,0,4,18
"36",-33.5644,115.3824,20210304,NA,"Geographe",NA,78,78,"W",0,0,0,7,13,0,0,0,20
"45",-33.5623,115.3772,20210304,NA,"Geographe",NA,80,80,"E",0,0,0,0,18,0,0,2,20
"45",-33.5623,115.3772,20210304,NA,"Geographe",NA,80,80,"N",0,0,0,3,14,0,0,3,20
"45",-33.5623,115.3772,20210304,NA,"Geographe",NA,80,80,"S",0,0,0,0,8,0,0,12,20
"45",-33.5623,115.3772,20210304,NA,"Geographe",NA,80,80,"W",0,0,0,1,16,0,0,3,20
"16",-33.5599,115.3786,20210304,NA,"Geographe",NA,78,78,"E",0,0,0,1,15,0,0,2,18
"16",-33.5599,115.3786,20210304,NA,"Geographe",NA,78,78,"N",0,0,0,2,13,0,0,4,19
"16",-33.5599,115.3786,20210304,NA,"Geographe",NA,78,78,"S",0,0,0,0,20,0,0,0,20
"16",-33.5599,115.3786,20210304,NA,"Geographe",NA,78,78,"W",0,0,0,0,19,0,0,1,20
"3",-33.5606,115.3734,20210304,NA,"Geographe",NA,80,80,"E",0,0,0,2,14,0,0,4,20
"3",-33.5606,115.3734,20210304,NA,"Geographe",NA,80,80,"N",0,0,0,6,7,0,0,7,20
"3",-33.5606,115.3734,20210304,NA,"Geographe",NA,80,80,"S",0,0,0,0,17,0,0,3,20
"3",-33.5606,115.3734,20210304,NA,"Geographe",NA,80,80,"W",0,0,0,3,11,0,0,6,20
"39",-33.5623,115.3721,20210304,NA,"Geographe",NA,80,80,"E",0,0,0,0,20,0,0,0,20
"39",-33.5623,115.3721,20210304,NA,"Geographe",NA,80,80,"N",0,0,0,1,19,0,0,0,20
"39",-33.5623,115.3721,20210304,NA,"Geographe",NA,80,80,"S",0,0,0,3,15,0,0,2,20
"39",-33.5623,115.3721,20210304,NA,"Geographe",NA,80,80,"W",0,0,0,3,17,0,0,0,20
"30",-33.5572,115.3709,20210304,NA,"Geographe",NA,79,79,"E",0,0,0,1,19,0,0,0,20
"30",-33.5572,115.3709,20210304,NA,"Geographe",NA,79,79,"N",0,0,0,0,18,0,0,0,18
"30",-33.5572,115.3709,20210304,NA,"Geographe",NA,79,79,"S",0,0,0,5,15,0,0,0,20
"30",-33.5572,115.3709,20210304,NA,"Geographe",NA,79,79,"W",0,0,0,10,9,0,0,0,19
"11",-33.5567,115.3683,20210304,NA,"Geographe",NA,80,80,"E",0,0,0,4,16,0,0,0,20
"11",-33.5567,115.3683,20210304,NA,"Geographe",NA,80,80,"N",0,0,0,6,13,0,0,0,19
"11",-33.5567,115.3683,20210304,NA,"Geographe",NA,80,80,"S",0,0,0,8,12,0,0,0,20
"11",-33.5567,115.3683,20210304,NA,"Geographe",NA,80,80,"W",0,0,0,7,13,0,0,0,20
"47",-33.5545,115.3739,20210304,NA,"Geographe",NA,80,80,"E",0,0,0,14,5,0,0,0,19
"47",-33.5545,115.3739,20210304,NA,"Geographe",NA,80,80,"N",0,6,0,8,5,1,0,0,20
"47",-33.5545,115.3739,20210304,NA,"Geographe",NA,80,80,"S",0,1,0,1,17,0,0,0,19
"47",-33.5545,115.3739,20210304,NA,"Geographe",NA,80,80,"W",0,4,0,13,3,0,0,0,20
"32",-33.5546,115.3778,20210304,NA,"Geographe",NA,80,80,"E",0,2,0,10,8,0,0,0,20
"32",-33.5546,115.3778,20210304,NA,"Geographe",NA,80,80,"N",0,0,0,2,18,0,0,0,20
"32",-33.5546,115.3778,20210304,NA,"Geographe",NA,80,80,"S",0,2,0,5,13,0,0,0,20
"32",-33.5546,115.3778,20210304,NA,"Geographe",NA,80,80,"W",0,2,0,7,11,0,0,0,20
"5",-33.553,115.3803,20210304,NA,"Geographe",NA,80,80,"E",0,0,0,7,9,0,0,4,20
"5",-33.553,115.3803,20210304,NA,"Geographe",NA,80,80,"N",0,0,0,6,14,0,0,0,20
"5",-33.553,115.3803,20210304,NA,"Geographe",NA,80,80,"S",0,0,0,0,18,0,0,2,20
"5",-33.553,115.3803,20210304,NA,"Geographe",NA,80,80,"W",0,0,0,1,17,0,0,2,20
"18",-33.552,115.3701,20210304,NA,"Geographe",NA,80,80,"E",0,0,0,0,20,0,0,0,20
"18",-33.552,115.3701,20210304,NA,"Geographe",NA,80,80,"N",0,0,0,11,9,0,0,0,20
"18",-33.552,115.3701,20210304,NA,"Geographe",NA,80,80,"S",0,0,0,0,20,0,0,0,20
"18",-33.552,115.3701,20210304,NA,"Geographe",NA,80,80,"W",0,0,0,0,20,0,0,0,20
"44",-33.5505,115.3637,20210304,NA,"Geographe",NA,79,79,"E",0,0,0,1,9,0,0,10,20
"44",-33.5505,115.3637,20210304,NA,"Geographe",NA,79,79,"N",0,1,0,1,10,0,0,4,16
"44",-33.5505,115.3637,20210304,NA,"Geographe",NA,79,79,"S",0,0,0,0,11,0,0,9,20
"44",-33.5505,115.3637,20210304,NA,"Geographe",NA,79,79,"W",0,1,0,3,12,0,0,3,19
"7",-33.5412,115.3651,20210304,NA,"Geographe",NA,80,80,"E",0,0,0,0,14,0,0,6,20
"7",-33.5412,115.3651,20210304,NA,"Geographe",NA,80,80,"N",0,0,0,0,12,0,0,8,20
"7",-33.5412,115.3651,20210304,NA,"Geographe",NA,80,80,"S",0,0,0,0,14,0,0,6,20
"7",-33.5412,115.3651,20210304,NA,"Geographe",NA,80,80,"W",0,0,0,0,16,0,0,4,20
"21",-33.5377,115.3669,20210304,NA,"Geographe",NA,80,80,"E",0,0,0,2,15,0,0,3,20
"21",-33.5377,115.3669,20210304,NA,"Geographe",NA,80,80,"N",0,0,0,1,16,0,0,1,18
"21",-33.5377,115.3669,20210304,NA,"Geographe",NA,80,80,"S",0,0,0,0,20,0,0,0,20
"21",-33.5377,115.3669,20210304,NA,"Geographe",NA,80,80,"W",0,0,0,3,16,0,0,0,19
"234",-33.5264,115.3652,20210304,NA,"Geographe",NA,80,80,"E",0,0,0,1,7,0,0,12,20
"234",-33.5264,115.3652,20210304,NA,"Geographe",NA,80,80,"N",0,0,0,0,18,0,0,2,20
"234",-33.5264,115.3652,20210304,NA,"Geographe",NA,80,80,"S",0,0,0,1,9,0,0,10,20
"234",-33.5264,115.3652,20210304,NA,"Geographe",NA,80,80,"W",0,0,0,0,9,0,0,11,20
"210",-33.5094,115.3615,20210304,NA,"Geographe",NA,80,80,"E",0,0,0,4,0,0,0,15,19
"210",-33.5094,115.3615,20210304,NA,"Geographe",NA,80,80,"N",0,0,0,9,11,0,0,0,20
"210",-33.5094,115.3615,20210304,NA,"Geographe",NA,80,80,"S",0,0,0,1,12,0,0,7,20
"210",-33.5094,115.3615,20210304,NA,"Geographe",NA,80,80,"W",0,0,0,3,16,0,0,1,20
"191",-33.5152,115.3708,20210304,NA,"Geographe",NA,80,80,"E",0,0,0,3,14,0,0,3,20
"191",-33.5152,115.3708,20210304,NA,"Geographe",NA,80,80,"N",0,0,0,7,10,0,0,1,18
"191",-33.5152,115.3708,20210304,NA,"Geographe",NA,80,80,"S",0,0,0,1,16,0,0,3,20
"191",-33.5152,115.3708,20210304,NA,"Geographe",NA,80,80,"W",0,0,0,1,19,0,0,0,20
"34",-33.5314,115.3748,20210304,NA,"Geographe",NA,80,80,"E",0,0,0,0,16,0,0,1,17
"34",-33.5314,115.3748,20210304,NA,"Geographe",NA,80,80,"N",0,0,0,2,18,0,0,0,20
"34",-33.5314,115.3748,20210304,NA,"Geographe",NA,80,80,"S",0,0,0,6,9,0,0,5,20
"34",-33.5314,115.3748,20210304,NA,"Geographe",NA,80,80,"W",0,0,0,0,20,0,0,0,20
"2",-33.5375,115.3772,20210304,NA,"Geographe",NA,80,80,"E",0,0,0,0,19,0,0,1,20
"2",-33.5375,115.3772,20210304,NA,"Geographe",NA,80,80,"N",0,0,0,4,16,0,0,0,20
"2",-33.5375,115.3772,20210304,NA,"Geographe",NA,80,80,"S",0,0,0,0,20,0,0,0,20
"2",-33.5375,115.3772,20210304,NA,"Geographe",NA,80,80,"W",0,0,0,1,19,0,0,0,20
"42",-33.5392,115.3794,20210304,NA,"Geographe",NA,78,78,"E",0,0,0,2,6,0,0,11,19
"42",-33.5392,115.3794,20210304,NA,"Geographe",NA,78,78,"N",0,0,0,0,20,0,0,0,20
"42",-33.5392,115.3794,20210304,NA,"Geographe",NA,78,78,"S",0,0,0,5,14,0,0,0,19
"42",-33.5392,115.3794,20210304,NA,"Geographe",NA,78,78,"W",0,0,0,5,15,0,0,0,20
"14",-33.5443,115.3754,20210304,NA,"Geographe",NA,79,79,"E",0,0,0,0,20,0,0,0,20
"14",-33.5443,115.3754,20210304,NA,"Geographe",NA,79,79,"N",0,0,0,0,19,0,0,0,19
"14",-33.5443,115.3754,20210304,NA,"Geographe",NA,79,79,"S",0,0,0,0,20,0,0,0,20
"14",-33.5443,115.3754,20210304,NA,"Geographe",NA,79,79,"W",0,0,0,0,20,0,0,0,20
"10",-33.5452,115.3754,20210304,NA,"Geographe",NA,80,80,"E",0,0,0,0,20,0,0,0,20
"10",-33.5452,115.3754,20210304,NA,"Geographe",NA,80,80,"N",0,0,0,6,14,0,0,0,20
"10",-33.5452,115.3754,20210304,NA,"Geographe",NA,80,80,"S",0,0,0,0,20,0,0,0,20
"10",-33.5452,115.3754,20210304,NA,"Geographe",NA,80,80,"W",0,0,0,0,20,0,0,0,20
"22",-33.5495,115.3805,20210304,NA,"Geographe",NA,80,80,"E",0,9,0,6,3,2,0,0,20
"22",-33.5495,115.3805,20210304,NA,"Geographe",NA,80,80,"N",0,8,0,10,0,0,0,0,18
"22",-33.5495,115.3805,20210304,NA,"Geographe",NA,80,80,"S",0,4,0,7,6,0,0,3,20
"22",-33.5495,115.3805,20210304,NA,"Geographe",NA,80,80,"W",0,0,0,9,11,0,0,0,20
"15",-33.5541,115.3855,20210304,NA,"Geographe",NA,80,80,"E",0,0,0,1,17,0,0,2,20
"15",-33.5541,115.3855,20210304,NA,"Geographe",NA,80,80,"N",0,0,0,2,16,0,0,2,20
"15",-33.5541,115.3855,20210304,NA,"Geographe",NA,80,80,"S",0,0,0,0,20,0,0,0,20
"15",-33.5541,115.3855,20210304,NA,"Geographe",NA,80,80,"W",0,0,0,2,10,0,0,8,20
"43",-33.5566,115.3842,20210304,NA,"Geographe",NA,80,80,"E",0,0,0,12,3,0,0,5,20
"43",-33.5566,115.3842,20210304,NA,"Geographe",NA,80,80,"N",0,0,0,12,0,0,0,8,20
"43",-33.5566,115.3842,20210304,NA,"Geographe",NA,80,80,"S",0,1,0,3,16,0,0,0,20
"43",-33.5566,115.3842,20210304,NA,"Geographe",NA,80,80,"W",0,0,0,1,19,0,0,0,20
"27",-33.5593,115.3862,20210304,NA,"Geographe",NA,80,80,"E",0,2,0,3,14,0,0,0,19
"27",-33.5593,115.3862,20210304,NA,"Geographe",NA,80,80,"N",0,0,0,0,20,0,0,0,20
"27",-33.5593,115.3862,20210304,NA,"Geographe",NA,80,80,"S",0,0,0,1,19,0,0,0,20
"27",-33.5593,115.3862,20210304,NA,"Geographe",NA,80,80,"W",0,0,0,0,20,0,0,0,20
"13",-33.5619,115.3888,20210304,NA,"Geographe",NA,80,80,"E",0,0,0,3,12,0,0,5,20
"13",-33.5619,115.3888,20210304,NA,"Geographe",NA,80,80,"N",0,0,0,0,20,0,0,0,20
"13",-33.5619,115.3888,20210304,NA,"Geographe",NA,80,80,"S",0,0,0,3,17,0,0,0,20
"13",-33.5619,115.3888,20210304,NA,"Geographe",NA,80,80,"W",0,0,0,1,10,0,0,9,20
"9",-33.5628,115.3888,20210304,NA,"Geographe",NA,80,80,"E",0,0,0,0,19,0,0,0,19
"9",-33.5628,115.3888,20210304,NA,"Geographe",NA,80,80,"N",0,0,0,1,17,0,0,2,20
"9",-33.5628,115.3888,20210304,NA,"Geographe",NA,80,80,"S",0,0,0,9,9,0,0,2,20
"9",-33.5628,115.3888,20210304,NA,"Geographe",NA,80,80,"W",0,0,0,6,0,0,0,14,20
"41",-33.5568,115.3928,20210304,NA,"Geographe",NA,80,80,"E",0,0,0,0,20,0,0,0,20
"41",-33.5568,115.3928,20210304,NA,"Geographe",NA,80,80,"N",0,0,0,0,20,0,0,0,20
"41",-33.5568,115.3928,20210304,NA,"Geographe",NA,80,80,"S",0,0,0,0,20,0,0,0,20
"41",-33.5568,115.3928,20210304,NA,"Geographe",NA,80,80,"W",0,0,0,0,20,0,0,0,20
"1",-33.5551,115.3906,20210304,NA,"Geographe",NA,80,80,"E",0,0,0,4,16,0,0,0,20
"1",-33.5551,115.3906,20210304,NA,"Geographe",NA,80,80,"N",0,0,0,0,20,0,0,0,20
"1",-33.5551,115.3906,20210304,NA,"Geographe",NA,80,80,"S",0,0,0,8,9,0,0,3,20
"1",-33.5551,115.3906,20210304,NA,"Geographe",NA,80,80,"W",0,0,0,4,16,0,0,0,20
"33",-33.549,115.3882,20210304,NA,"Geographe",NA,80,80,"E",0,0,0,0,20,0,0,0,20
"33",-33.549,115.3882,20210304,NA,"Geographe",NA,80,80,"N",0,0,0,0,20,0,0,0,20
"33",-33.549,115.3882,20210304,NA,"Geographe",NA,80,80,"S",0,0,0,0,20,0,0,0,20
"33",-33.549,115.3882,20210304,NA,"Geographe",NA,80,80,"W",0,0,0,2,17,0,0,1,20
"6",-33.5473,115.3856,20210304,NA,"Geographe",NA,78,78,"E",0,9,0,9,2,0,0,0,20
"6",-33.5473,115.3856,20210304,NA,"Geographe",NA,78,78,"N",0,0,0,11,5,0,0,2,18
"6",-33.5473,115.3856,20210304,NA,"Geographe",NA,78,78,"S",0,0,0,7,11,0,0,0,18
"6",-33.5473,115.3856,20210304,NA,"Geographe",NA,78,78,"W",0,2,0,18,0,0,0,0,20
"23",-33.5438,115.3832,20210304,NA,"Geographe",NA,80,80,"E",0,11,0,9,0,0,0,0,20
"23",-33.5438,115.3832,20210304,NA,"Geographe",NA,80,80,"N",0,2,0,12,4,0,0,0,18
"23",-33.5438,115.3832,20210304,NA,"Geographe",NA,80,80,"S",0,4,0,3,13,0,0,0,20
"23",-33.5438,115.3832,20210304,NA,"Geographe",NA,80,80,"W",0,2,0,14,4,0,0,0,20
"20",-33.5556,115.401,20210305,NA,"Geographe",NA,80,80,"E",0,0,0,2,12,0,0,5,19
"20",-33.5556,115.401,20210305,NA,"Geographe",NA,80,80,"N",0,0,0,0,20,0,0,0,20
"20",-33.5556,115.401,20210305,NA,"Geographe",NA,80,80,"S",0,0,0,0,20,0,0,1,21
"20",-33.5556,115.401,20210305,NA,"Geographe",NA,80,80,"W",0,0,0,0,18,0,0,2,20
"50",-33.5529,115.3971,20210305,NA,"Geographe",NA,79,79,"E",0,0,0,0,20,0,0,0,20
"50",-33.5529,115.3971,20210305,NA,"Geographe",NA,79,79,"N",0,0,0,0,19,0,0,0,19
"50",-33.5529,115.3971,20210305,NA,"Geographe",NA,79,79,"S",0,0,0,0,20,0,0,0,20
"50",-33.5529,115.3971,20210305,NA,"Geographe",NA,79,79,"W",0,0,0,6,14,0,0,0,20
"28",-33.5517,115.3933,20210305,NA,"Geographe",NA,80,80,"E",0,0,0,7,11,0,0,2,20
"28",-33.5517,115.3933,20210305,NA,"Geographe",NA,80,80,"N",0,0,0,2,8,0,0,3,13
"28",-33.5517,115.3933,20210305,NA,"Geographe",NA,80,80,"S",0,0,0,2,8,0,0,10,20
"28",-33.5517,115.3933,20210305,NA,"Geographe",NA,80,80,"W",0,0,0,2,18,0,0,0,20
"12",-33.5504,115.3959,20210305,NA,"Geographe",NA,80,80,"E",0,0,0,1,19,0,0,0,20
"12",-33.5504,115.3959,20210305,NA,"Geographe",NA,80,80,"N",0,0,0,0,18,0,0,0,18
"12",-33.5504,115.3959,20210305,NA,"Geographe",NA,80,80,"S",0,0,0,1,19,0,0,0,20
"12",-33.5504,115.3959,20210305,NA,"Geographe",NA,80,80,"W",0,0,0,0,20,0,0,0,20
"48",-33.549,115.3946,20210305,NA,"Geographe",NA,77,77,"E",0,0,0,0,20,0,0,0,20
"48",-33.549,115.3946,20210305,NA,"Geographe",NA,77,77,"N",0,0,0,1,18,0,0,1,20
"48",-33.549,115.3946,20210305,NA,"Geographe",NA,77,77,"S",0,0,0,0,20,0,0,0,20
"48",-33.549,115.3946,20210305,NA,"Geographe",NA,77,77,"W",0,0,0,3,13,0,0,1,17
"19",-33.5464,115.3908,20210305,NA,"Geographe",NA,80,80,"E",0,0,0,2,18,0,0,0,20
"19",-33.5464,115.3908,20210305,NA,"Geographe",NA,80,80,"N",0,0,0,0,20,0,0,0,20
"19",-33.5464,115.3908,20210305,NA,"Geographe",NA,80,80,"S",0,0,0,0,20,0,0,0,20
"19",-33.5464,115.3908,20210305,NA,"Geographe",NA,80,80,"W",0,0,0,1,19,0,0,0,20
"37",-33.5413,115.3896,20210305,NA,"Geographe",NA,80,80,"E",0,2,0,1,17,0,0,0,20
"37",-33.5413,115.3896,20210305,NA,"Geographe",NA,80,80,"N",0,0,0,0,20,0,0,0,20
"37",-33.5413,115.3896,20210305,NA,"Geographe",NA,80,80,"S",0,3,0,7,9,0,0,1,20
"37",-33.5413,115.3896,20210305,NA,"Geographe",NA,80,80,"W",0,0,0,0,20,0,0,0,20
"24",-33.5361,115.3901,20210305,NA,"Geographe",NA,80,80,"E",0,0,0,10,7,0,0,3,20
"24",-33.5361,115.3901,20210305,NA,"Geographe",NA,80,80,"N",0,0,0,10,7,0,0,2,19
"24",-33.5361,115.3901,20210305,NA,"Geographe",NA,80,80,"S",0,0,0,2,18,0,0,0,20
"24",-33.5361,115.3901,20210305,NA,"Geographe",NA,80,80,"W",0,0,0,2,18,0,0,0,20
"38",-33.5335,115.3863,20210305,NA,"Geographe",NA,80,80,"E",0,0,0,0,20,0,0,0,20
"38",-33.5335,115.3863,20210305,NA,"Geographe",NA,80,80,"N",0,0,0,1,18,0,0,1,20
"38",-33.5335,115.3863,20210305,NA,"Geographe",NA,80,80,"S",0,0,0,4,16,0,0,0,20
"38",-33.5335,115.3863,20210305,NA,"Geographe",NA,80,80,"W",0,0,0,1,19,0,0,0,20
"49",-33.5314,115.3813,20210305,NA,"Geographe",NA,79,79,"E",0,0,0,4,13,0,0,3,20
"49",-33.5314,115.3813,20210305,NA,"Geographe",NA,79,79,"N",0,0,0,3,15,0,0,2,20
"49",-33.5314,115.3813,20210305,NA,"Geographe",NA,79,79,"S",0,0,0,2,15,0,0,3,20
"49",-33.5314,115.3813,20210305,NA,"Geographe",NA,79,79,"W",0,0,0,6,11,0,0,2,19
"29",-33.5283,115.3852,20210305,NA,"Geographe",NA,80,80,"E",0,0,0,4,16,0,0,0,20
"29",-33.5283,115.3852,20210305,NA,"Geographe",NA,80,80,"N",0,0,0,1,19,0,0,0,20
"29",-33.5283,115.3852,20210305,NA,"Geographe",NA,80,80,"S",0,0,0,0,20,0,0,0,20
"29",-33.5283,115.3852,20210305,NA,"Geographe",NA,80,80,"W",0,0,0,0,20,0,0,0,20
"223",-33.5182,115.3851,20210305,NA,"Geographe",NA,80,80,"E",0,0,0,0,20,0,0,0,20
"223",-33.5182,115.3851,20210305,NA,"Geographe",NA,80,80,"N",0,0,0,0,20,0,0,0,20
"223",-33.5182,115.3851,20210305,NA,"Geographe",NA,80,80,"S",0,0,0,4,15,0,0,1,20
"223",-33.5182,115.3851,20210305,NA,"Geographe",NA,80,80,"W",0,0,0,0,20,0,0,0,20
"148",-33.492,115.3877,20210305,NA,"Geographe",NA,80,80,"E",0,0,0,17,3,0,0,0,20
"148",-33.492,115.3877,20210305,NA,"Geographe",NA,80,80,"N",0,0,0,0,20,0,0,0,20
"148",-33.492,115.3877,20210305,NA,"Geographe",NA,80,80,"S",0,0,0,8,12,0,0,0,20
"148",-33.492,115.3877,20210305,NA,"Geographe",NA,80,80,"W",0,0,0,4,16,0,0,0,20
"240",-33.5015,115.3972,20210305,NA,"Geographe",NA,80,80,"E",0,0,0,14,3,0,0,3,20
"240",-33.5015,115.3972,20210305,NA,"Geographe",NA,80,80,"N",0,0,0,1,11,0,0,0,12
"240",-33.5015,115.3972,20210305,NA,"Geographe",NA,80,80,"S",0,0,0,12,8,0,0,0,20
"240",-33.5015,115.3972,20210305,NA,"Geographe",NA,80,80,"W",0,0,0,16,1,0,0,0,17
"127",-33.509,115.3957,20210305,NA,"Geographe",NA,80,80,"E",0,0,0,0,20,0,0,0,20
"127",-33.509,115.3957,20210305,NA,"Geographe",NA,80,80,"N",0,0,0,15,0,0,0,5,20
"127",-33.509,115.3957,20210305,NA,"Geographe",NA,80,80,"S",0,0,0,0,20,0,0,0,20
"127",-33.509,115.3957,20210305,NA,"Geographe",NA,80,80,"W",0,0,0,12,5,0,0,3,20
"166",-33.5128,115.4015,20210305,NA,"Geographe",NA,79,79,"E",0,0,0,1,18,0,0,0,19
"166",-33.5128,115.4015,20210305,NA,"Geographe",NA,79,79,"N",0,0,0,8,12,0,0,0,20
"166",-33.5128,115.4015,20210305,NA,"Geographe",NA,79,79,"S",0,0,0,4,10,0,0,5,19
"166",-33.5128,115.4015,20210305,NA,"Geographe",NA,79,79,"W",0,0,0,11,5,0,0,4,20
"205",-33.524,115.3959,20210305,NA,"Geographe",NA,80,80,"E",0,0,0,3,8,0,0,9,20
"205",-33.524,115.3959,20210305,NA,"Geographe",NA,80,80,"N",0,1,0,9,8,0,0,2,20
"205",-33.524,115.3959,20210305,NA,"Geographe",NA,80,80,"S",0,1,0,2,14,0,0,3,20
"205",-33.524,115.3959,20210305,NA,"Geographe",NA,80,80,"W",0,2,0,3,14,0,0,1,20
"131",-33.5344,115.4016,20210305,NA,"Geographe",NA,78,78,"E",0,0,0,17,1,0,0,0,18
"131",-33.5344,115.4016,20210305,NA,"Geographe",NA,78,78,"N",0,0,0,20,0,0,0,0,20
"131",-33.5344,115.4016,20210305,NA,"Geographe",NA,78,78,"S",0,1,0,7,12,0,0,0,20
"131",-33.5344,115.4016,20210305,NA,"Geographe",NA,78,78,"W",0,0,0,11,8,0,0,0,19
"31",-33.5401,115.3987,20210305,NA,"Geographe",NA,80,80,"E",0,0,0,16,1,0,0,3,20
"31",-33.5401,115.3987,20210305,NA,"Geographe",NA,80,80,"N",0,0,0,10,7,0,0,3,20
"31",-33.5401,115.3987,20210305,NA,"Geographe",NA,80,80,"S",0,0,0,3,17,0,0,0,20
"31",-33.5401,115.3987,20210305,NA,"Geographe",NA,80,80,"W",0,0,0,9,10,0,0,0,19
"4",-33.5436,115.4012,20210305,NA,"Geographe",NA,78,78,"E",0,0,0,6,14,0,0,0,20
"4",-33.5436,115.4012,20210305,NA,"Geographe",NA,78,78,"N",0,0,0,0,19,0,0,0,19
"4",-33.5436,115.4012,20210305,NA,"Geographe",NA,78,78,"S",0,0,0,4,16,0,0,0,20
"4",-33.5436,115.4012,20210305,NA,"Geographe",NA,78,78,"W",0,0,0,0,19,0,0,0,19
"40",-33.5453,115.3999,20210305,NA,"Geographe",NA,80,80,"E",0,0,0,0,20,0,0,0,20
"40",-33.5453,115.3999,20210305,NA,"Geographe",NA,80,80,"N",0,0,0,0,19,0,0,0,19
"40",-33.5453,115.3999,20210305,NA,"Geographe",NA,80,80,"S",1,0,0,5,14,0,0,0,20
"40",-33.5453,115.3999,20210305,NA,"Geographe",NA,80,80,"W",0,0,0,0,20,0,0,0,20
"26",-33.5479,115.4037,20210305,NA,"Geographe",NA,80,80,"E",0,0,0,1,16,0,0,3,20
"26",-33.5479,115.4037,20210305,NA,"Geographe",NA,80,80,"N",0,0,0,8,12,0,0,0,20
"26",-33.5479,115.4037,20210305,NA,"Geographe",NA,80,80,"S",0,0,0,5,12,0,0,3,20
"26",-33.5479,115.4037,20210305,NA,"Geographe",NA,80,80,"W",0,0,0,7,10,0,0,3,20
"46",-33.5452,115.405,20210305,NA,"Geographe",NA,80,80,"E",0,0,0,0,0,0,0,20,20
"46",-33.5452,115.405,20210305,NA,"Geographe",NA,80,80,"N",0,0,0,0,0,0,0,20,20
"46",-33.5452,115.405,20210305,NA,"Geographe",NA,80,80,"S",0,0,0,1,0,0,0,19,20
"46",-33.5452,115.405,20210305,NA,"Geographe",NA,80,80,"W",0,0,0,1,0,0,0,19,20
"200",-33.5369,115.4147,20210305,NA,"Geographe",NA,79,79,"E",0,0,0,0,0,0,0,18,18
"200",-33.5369,115.4147,20210305,NA,"Geographe",NA,79,79,"N",0,0,0,0,1,0,0,20,21
"200",-33.5369,115.4147,20210305,NA,"Geographe",NA,79,79,"S",0,0,0,0,0,0,0,21,21
"200",-33.5369,115.4147,20210305,NA,"Geographe",NA,79,79,"W",0,0,0,4,3,0,0,12,19
"146",-33.5303,115.4123,20210305,NA,"Geographe",NA,80,80,"E",0,0,0,0,20,0,0,0,20
"146",-33.5303,115.4123,20210305,NA,"Geographe",NA,80,80,"N",0,0,0,4,16,0,0,0,20
"146",-33.5303,115.4123,20210305,NA,"Geographe",NA,80,80,"S",0,0,0,0,20,0,0,0,20
"146",-33.5303,115.4123,20210305,NA,"Geographe",NA,80,80,"W",0,0,0,3,17,0,0,0,20
"108",-33.5274,115.4064,20210305,NA,"Geographe",NA,78,78,"E",0,0,0,5,15,0,0,0,20
"108",-33.5274,115.4064,20210305,NA,"Geographe",NA,78,78,"N",0,0,0,4,11,0,0,4,19
"108",-33.5274,115.4064,20210305,NA,"Geographe",NA,78,78,"S",0,0,0,9,10,0,0,1,20
"108",-33.5274,115.4064,20210305,NA,"Geographe",NA,78,78,"W",0,0,0,3,16,0,0,0,19
"221",-33.5228,115.4102,20210305,NA,"Geographe",NA,79,79,"E",0,0,0,7,13,0,0,0,20
"221",-33.5228,115.4102,20210305,NA,"Geographe",NA,79,79,"N",0,0,0,3,8,0,0,8,19
"221",-33.5228,115.4102,20210305,NA,"Geographe",NA,79,79,"S",0,0,0,12,6,0,0,2,20
"221",-33.5228,115.4102,20210305,NA,"Geographe",NA,79,79,"W",0,0,0,10,10,0,0,0,20
"181",-33.52,115.4132,20210305,NA,"Geographe",NA,79,79,"E",0,7,0,4,0,0,0,1,12
"181",-33.52,115.4132,20210305,NA,"Geographe",NA,79,79,"N",0,1,0,17,2,0,0,0,20
"181",-33.52,115.4132,20210305,NA,"Geographe",NA,79,79,"S",0,2,0,15,0,2,0,1,20
"181",-33.52,115.4132,20210305,NA,"Geographe",NA,79,79,"W",0,0,0,19,1,0,0,0,20
"235",-33.5144,115.4159,20210305,NA,"Geographe",NA,77,77,"E",0,2,0,14,4,0,0,0,20
"235",-33.5144,115.4159,20210305,NA,"Geographe",NA,77,77,"N",0,1,0,15,1,0,0,1,18
"235",-33.5144,115.4159,20210305,NA,"Geographe",NA,77,77,"S",0,0,0,17,3,0,0,0,20
"235",-33.5144,115.4159,20210305,NA,"Geographe",NA,77,77,"W",0,0,0,17,1,0,0,0,18
"122",-33.5136,115.424,20210305,NA,"Geographe",NA,80,80,"E",0,0,0,9,10,0,0,1,20
"122",-33.5136,115.424,20210305,NA,"Geographe",NA,80,80,"N",0,0,0,4,15,0,0,0,19
"122",-33.5136,115.424,20210305,NA,"Geographe",NA,80,80,"S",0,0,0,1,19,0,0,0,20
"122",-33.5136,115.424,20210305,NA,"Geographe",NA,80,80,"W",0,0,0,10,11,0,0,0,21
"142",-33.5049,115.4064,20210305,NA,"Geographe",NA,79,79,"E",0,0,0,2,18,0,0,0,20
"142",-33.5049,115.4064,20210305,NA,"Geographe",NA,79,79,"N",0,0,0,6,14,0,0,0,20
"142",-33.5049,115.4064,20210305,NA,"Geographe",NA,79,79,"S",0,0,0,4,16,0,0,0,20
"142",-33.5049,115.4064,20210305,NA,"Geographe",NA,79,79,"W",0,0,0,7,12,0,0,0,19
"215",-33.4974,115.4044,20210305,NA,"Geographe",NA,79,79,"E",0,0,0,0,20,0,0,0,20
"215",-33.4974,115.4044,20210305,NA,"Geographe",NA,79,79,"N",0,0,0,5,12,0,0,2,19
"215",-33.4974,115.4044,20210305,NA,"Geographe",NA,79,79,"S",0,0,0,7,11,2,0,0,20
"215",-33.4974,115.4044,20210305,NA,"Geographe",NA,79,79,"W",0,0,0,4,16,0,0,0,20
"104",-33.4936,115.4102,20210305,NA,"Geographe",NA,80,80,"E",0,0,0,8,12,0,0,0,20
"104",-33.4936,115.4102,20210305,NA,"Geographe",NA,80,80,"N",0,0,0,4,16,0,0,0,20
"104",-33.4936,115.4102,20210305,NA,"Geographe",NA,80,80,"S",0,0,0,11,0,1,0,8,20
"104",-33.4936,115.4102,20210305,NA,"Geographe",NA,80,80,"W",0,0,0,16,4,0,0,0,20
"202",-33.4861,115.4093,20210305,NA,"Geographe",NA,78,78,"E",0,0,0,3,14,0,0,3,20
"202",-33.4861,115.4093,20210305,NA,"Geographe",NA,78,78,"N",0,0,0,11,2,0,0,7,20
"202",-33.4861,115.4093,20210305,NA,"Geographe",NA,78,78,"S",0,0,0,12,7,0,0,1,20
"202",-33.4861,115.4093,20210305,NA,"Geographe",NA,78,78,"W",0,0,0,7,2,0,0,9,18
"110",-33.4769,115.4199,20210305,NA,"Geographe",NA,80,80,"E",0,0,0,5,15,0,0,0,20
"110",-33.4769,115.4199,20210305,NA,"Geographe",NA,80,80,"N",0,0,0,17,0,0,0,2,19
"110",-33.4769,115.4199,20210305,NA,"Geographe",NA,80,80,"S",0,0,0,9,11,0,0,0,20
"110",-33.4769,115.4199,20210305,NA,"Geographe",NA,80,80,"W",0,0,0,13,4,1,0,3,21
"184",-33.4693,115.4189,20210305,NA,"Geographe",NA,79,79,"E",0,0,0,0,0,0,0,20,20
"184",-33.4693,115.4189,20210305,NA,"Geographe",NA,79,79,"N",0,0,0,0,0,0,0,20,20
"184",-33.4693,115.4189,20210305,NA,"Geographe",NA,79,79,"S",0,0,0,0,0,0,0,19,19
"184",-33.4693,115.4189,20210305,NA,"Geographe",NA,79,79,"W",0,0,0,6,2,0,0,12,20
"212",-33.4724,115.438,20210305,NA,"Geographe",NA,80,80,"E",0,0,0,8,2,0,0,10,20
"212",-33.4724,115.438,20210305,NA,"Geographe",NA,80,80,"N",0,0,0,8,8,0,0,0,16
"212",-33.4724,115.438,20210305,NA,"Geographe",NA,80,80,"S",0,0,0,2,9,0,0,9,20
"212",-33.4724,115.438,20210305,NA,"Geographe",NA,80,80,"W",0,0,0,13,6,0,0,1,20
"136",-33.4799,115.4353,20210305,NA,"Geographe",NA,79,79,"E",0,0,0,8,6,0,0,2,16
"136",-33.4799,115.4353,20210305,NA,"Geographe",NA,79,79,"N",0,0,0,3,15,0,0,2,20
"136",-33.4799,115.4353,20210305,NA,"Geographe",NA,79,79,"S",0,0,0,11,8,1,0,0,20
"136",-33.4799,115.4353,20210305,NA,"Geographe",NA,79,79,"W",0,0,0,13,0,0,0,7,20
"119",-33.4885,115.4434,20210305,NA,"Geographe",NA,80,80,"E",0,0,0,16,4,0,0,0,20
"119",-33.4885,115.4434,20210305,NA,"Geographe",NA,80,80,"N",0,0,0,16,3,0,0,1,20
"119",-33.4885,115.4434,20210305,NA,"Geographe",NA,80,80,"S",0,0,0,8,9,0,0,3,20
"119",-33.4885,115.4434,20210305,NA,"Geographe",NA,80,80,"W",0,0,0,10,6,0,0,4,20
"231",-33.4895,115.4519,20210305,NA,"Geographe",NA,79,79,"E",0,0,0,9,9,0,0,2,20
"231",-33.4895,115.4519,20210305,NA,"Geographe",NA,79,79,"N",0,0,0,12,6,0,0,0,18
"231",-33.4895,115.4519,20210305,NA,"Geographe",NA,79,79,"S",0,0,0,2,17,0,0,1,20
"231",-33.4895,115.4519,20210305,NA,"Geographe",NA,79,79,"W",0,0,0,0,19,0,0,1,20
"183",-33.4888,115.4564,20210305,NA,"Geographe",NA,80,80,"E",0,0,0,17,2,1,0,0,20
"183",-33.4888,115.4564,20210305,NA,"Geographe",NA,80,80,"N",0,0,0,3,16,0,0,0,19
"183",-33.4888,115.4564,20210305,NA,"Geographe",NA,80,80,"S",0,0,0,19,1,0,0,0,20
"183",-33.4888,115.4564,20210305,NA,"Geographe",NA,80,80,"W",0,0,0,6,14,0,0,0,20
"134",-33.497,115.4527,20210305,NA,"Geographe",NA,80,80,"E",0,0,0,10,11,0,0,0,21
"134",-33.497,115.4527,20210305,NA,"Geographe",NA,80,80,"N",0,0,0,13,4,0,0,1,18
"134",-33.497,115.4527,20210305,NA,"Geographe",NA,80,80,"S",0,0,0,0,21,0,0,0,21
"134",-33.497,115.4527,20210305,NA,"Geographe",NA,80,80,"W",0,0,0,8,12,0,0,0,20
"187",-33.495,115.4374,20210305,NA,"Geographe",NA,79,79,"E",0,2,0,12,6,0,0,0,20
"187",-33.495,115.4374,20210305,NA,"Geographe",NA,79,79,"N",0,0,0,11,8,0,0,0,19
"187",-33.495,115.4374,20210305,NA,"Geographe",NA,79,79,"S",0,0,0,8,11,0,0,0,19
"187",-33.495,115.4374,20210305,NA,"Geographe",NA,79,79,"W",0,0,0,5,14,0,0,1,20
"248",-33.5017,115.4446,20210305,NA,"Geographe",NA,80,80,"E",0,0,0,16,2,0,0,1,19
"248",-33.5017,115.4446,20210305,NA,"Geographe",NA,80,80,"N",0,0,0,7,13,0,0,0,20
"248",-33.5017,115.4446,20210305,NA,"Geographe",NA,80,80,"S",0,0,0,9,11,0,0,0,20
"248",-33.5017,115.4446,20210305,NA,"Geographe",NA,80,80,"W",0,0,0,6,14,0,0,0,20
"113",-33.5025,115.4384,20210305,NA,"Geographe",NA,79,79,"E",0,0,0,15,2,2,0,0,19
"113",-33.5025,115.4384,20210305,NA,"Geographe",NA,79,79,"N",0,0,0,7,12,0,0,1,20
"113",-33.5025,115.4384,20210305,NA,"Geographe",NA,79,79,"S",0,0,0,5,14,0,0,1,20
"113",-33.5025,115.4384,20210305,NA,"Geographe",NA,79,79,"W",0,0,0,5,15,0,0,0,20
"195",-33.5032,115.4278,20210305,NA,"Geographe",NA,80,80,"E",0,2,0,11,7,0,0,0,20
"195",-33.5032,115.4278,20210305,NA,"Geographe",NA,80,80,"N",0,0,0,2,17,0,0,1,20
"195",-33.5032,115.4278,20210305,NA,"Geographe",NA,80,80,"S",0,2,0,1,15,0,0,2,20
"195",-33.5032,115.4278,20210305,NA,"Geographe",NA,80,80,"W",0,0,0,2,18,0,0,0,20
"226",-33.5062,115.4327,20210305,NA,"Geographe",NA,80,80,"E",0,0,0,19,0,1,0,0,20
"226",-33.5062,115.4327,20210305,NA,"Geographe",NA,80,80,"N",0,1,0,10,9,0,0,0,20
"226",-33.5062,115.4327,20210305,NA,"Geographe",NA,80,80,"S",0,0,0,19,0,0,0,0,19
"226",-33.5062,115.4327,20210305,NA,"Geographe",NA,80,80,"W",0,0,0,20,0,0,0,0,20
"171",-33.5091,115.4419,20210305,NA,"Geographe",NA,79,79,"E",0,0,0,6,12,0,0,0,18
"171",-33.5091,115.4419,20210305,NA,"Geographe",NA,79,79,"N",0,0,0,17,3,0,0,0,20
"171",-33.5091,115.4419,20210305,NA,"Geographe",NA,79,79,"S",0,0,0,8,12,0,0,0,20
"171",-33.5091,115.4419,20210305,NA,"Geographe",NA,79,79,"W",0,0,0,4,15,0,0,0,19
"151",-33.5174,115.4299,20210305,NA,"Geographe",NA,80,80,"E",0,0,0,2,7,0,0,0,9
"151",-33.5174,115.4299,20210305,NA,"Geographe",NA,80,80,"N",0,0,0,4,16,0,0,0,20
"151",-33.5174,115.4299,20210305,NA,"Geographe",NA,80,80,"S",0,0,0,2,16,0,0,0,18
"151",-33.5174,115.4299,20210305,NA,"Geographe",NA,80,80,"W",0,0,0,0,20,0,0,0,20
"165",-33.5258,115.4266,20210305,NA,"Geographe",NA,80,80,"E",0,0,0,0,0,0,0,20,20
"165",-33.5258,115.4266,20210305,NA,"Geographe",NA,80,80,"N",0,0,0,2,0,0,0,18,20
"165",-33.5258,115.4266,20210305,NA,"Geographe",NA,80,80,"S",0,0,0,2,0,0,0,18,20
"165",-33.5258,115.4266,20210305,NA,"Geographe",NA,80,80,"W",0,0,0,2,0,0,0,18,20
