"sample","latitude","longitude","date","site","location","successful.count","fov.open","detailed.consolidated.boulder.turfmat","detailed.consolidated.cobbles.turfmat","detailed.consolidated.rock.nobiota","detailed.consolidated.rock.turfmat","detailed.invertebratecomplex.complex1.","detailed.macroalgae.drift.","detailed.macroalgae.erectcoursebranching.brown","detailed.macroalgae.erectfinebranching.brown","detailed.macroalgae.erectfinebranching.green","detailed.macroalgae.erectfinebranching.red","detailed.macroalgae.filamentousandfiliform.","detailed.macroalgae.globose.saccate.","detailed.macroalgae.laminate.","detailed.macroalgae.sheet.likemembranous.","detailed.macroalgae.smallmixed.","detailed.seagrasses.ellipticalleaves.halophilasp.","detailed.seagrasses.strap.likeleaves.","detailed.seagrasses.strap.likeleaves.amphibolissp.withepiphytesalgae","detailed.seagrasses.strap.likeleaves.posidoniasp.","detailed.seagrasses.strap.likeleaves.posidoniasp.withepiphytesalgae","detailed.seagrasses.strap.likeleaves.rupiasp.","detailed.seagrasses.strap.likeleaves.zosterasp.","detailed.sponges.crusts.","detailed.sponges.erectforms.","detailed.sponges.massiveforms.","detailed.sponges.smallmixed.","detailed.stonycorals.massive.live","detailed.unconsolidated.pebble.gravel.biogenic.","detailed.unconsolidated.sand.mud.coarsesand."
"186",-33.5387,115.1588,20210302,NA,"Geographe","y",100,0,0,0,0,0,1.26582278481013,5.06329113924051,0,0,0,16.4556962025316,0,0,0,0,0,0,15.1898734177215,0,5.06329113924051,0,0,0,0,0,0,0,0,56.9620253164557
"129",-33.5408,115.1741,20210302,NA,"Geographe","Y",100,0,0,0,0,0,0,0,0,0,0,0,0,0,0,0,0,0,0,0,6.25,0,0,0,0,0,0,0,0,93.75
"160",-33.5446,115.18,20210302,NA,"Geographe","y",100,0,0,0,8.86075949367089,0,0,6.32911392405063,2.53164556962025,0,1.26582278481013,56.9620253164557,0,0,0,0,0,0,16.4556962025316,0,1.26582278481013,0,0,0,6.32911392405063,0,0,0,0,0
"144",-33.5491,115.1656,20210302,NA,"Geographe","Y",100,0,0,0,0,0,1.25,0,0,0,0,3.75,0,0,0,0,0,0,0,0,0,0,0,0,0,0,0,0,0,95
"174",-33.5531,115.1821,20210302,NA,"Geographe","y",100,0,0,0,0,0,0,0,0,0,0,22.0779220779221,0,0,0,0,0,0,9.09090909090909,0,3.8961038961039,0,0,0,0,0,0,0,0,64.9350649350649
"208",-33.5558,115.1775,20210302,NA,"Geographe","Y",100,0,0,0,0,0,0,0,0,0,0,2.5,0,0,0,0,0,0,0,0,0,0,0,0,0,0,0,0,0,97.5
"123",-33.5574,115.1548,20210302,NA,"Geographe","y",100,0,0,0,0,0,0,0,0,0,0,0,0,0,0,0,0,0,0,0,13.9240506329114,0,0,0,0,0,0,0,0,86.0759493670886
"237",-33.5584,115.1561,20210302,NA,"Geographe","Y",100,0,0,0,0,0,0,0,0,0,0,0,0,0,0,0,0,0,0,0,0,0,0,0,0,0,0,0,0,100
"217",-33.5669,115.163,20210302,NA,"Geographe","y",100,0,0,0,0,0,1.26582278481013,0,0,0,0,0,0,0,0,0,0,2.53164556962025,0,0,29.1139240506329,0,0,0,0,0,0,0,0,67.0886075949367
"101",-33.5635,115.1855,20210302,NA,"Geographe","Y",100,0,0,0,0,0,0,3.75,0,0,0,1.25,0,0,0,5,1.25,0,8.75,0,36.25,0,0,0,0,1.25,0,0,0,42.5
"147",-33.5748,115.1841,20210302,NA,"Geographe","y",100,0,0,0,0,0,0,0,0,0,0,2.5,0,0,0,0,0,0,10,0,1.25,0,0,0,0,0,0,0,0,86.25
"189",-33.573,115.1959,20210302,NA,"Geographe","Y",100,0,0,0,5.26315789473684,0,9.21052631578947,3.94736842105263,0,0,0,11.8421052631579,0,0,0,0,0,0,2.63157894736842,0,61.8421052631579,0,0,0,1.31578947368421,0,0,0,0,3.94736842105263
"239",-33.5843,115.1935,20210302,NA,"Geographe","y",100,0,0,0,0,0,1.26582278481013,0,0,0,0,3.79746835443038,0,0,0,0,0,0,7.59493670886076,0,75.9493670886076,0,0,0,0,0,0,0,0,11.3924050632911
"85",-33.5787,115.2004,20210302,NA,"Geographe","Y",100,0,0,0,0,0,1.2987012987013,1.2987012987013,0,0,0,9.09090909090909,0,0,0,0,0,0,3.8961038961039,0,64.9350649350649,0,0,0,0,0,0,0,0,19.4805194805195
"63",-33.582,115.2022,20210302,NA,"Geographe","y",100,0,0,0,0,0,0,0,0,0,0,17.9487179487179,0,0,0,0,0,0,3.84615384615385,0,66.6666666666667,0,0,0,0,0,0,0,0,11.5384615384615
"66",-33.5788,115.2066,20210302,NA,"Geographe","Y",100,0,0,0,0,0,0,0,0,0,0,2.56410256410256,0,0,0,0,0,0,10.2564102564103,0,8.97435897435897,0,0,0,0,0,0,0,0,78.2051282051282
"81",-33.574,115.2101,20210302,NA,"Geographe","Y",100,0,0,0,0,0,1.28205128205128,1.28205128205128,0,0,0,7.69230769230769,0,0,0,0,0,0,17.9487179487179,0,28.2051282051282,0,0,0,0,0,0,0,0,43.5897435897436
"54",-33.5772,115.2115,20210302,NA,"Geographe","Y",100,0,0,0,0,0,3.75,0,0,0,0,1.25,0,0,0,0,0,0,10,0,0,0,0,0,0,0,0,0,1.25,83.75
"93",-33.5837,115.2153,20210302,NA,"Geographe","Y",100,0,0,0,0,0,0,0,0,0,0,1.26582278481013,0,0,0,0,0,0,51.8987341772152,0,0,0,0,0,0,0,0,0,0,46.8354430379747
"74",-33.5837,115.2119,20210302,NA,"Geographe","Y",100,0,0,1.25,0,0,1.25,0,0,0,0,0,0,0,0,0,0,0,17.5,0,0,0,0,0,0,0,0,0,0,80
"51",-33.587,115.2134,20210302,NA,"Geographe","Y",100,0,0,0,0,0,1.25,0,0,0,0,1.25,0,0,0,0,0,0,25,0,0,0,0,0,0,0,0,0,0,72.5
"83",-33.5884,115.2055,20210302,NA,"Geographe","Y",100,0,0,0,0,0,1.28205128205128,0,0,0,0,15.3846153846154,0,0,0,0,0,0,0,0,76.9230769230769,0,0,0,0,0,0,0,0,6.41025641025641
"55",-33.5917,115.2069,20210302,NA,"Geographe","Y",100,0,0,2.5,0,0,1.25,0,0,0,0,0,0,0,0,0,0,0,0,0,93.75,0,0,0,0,0,0,0,0,2.5
"97",-33.5949,115.2038,20210302,NA,"Geographe","Y",100,0,0,0,2.53164556962025,0,1.26582278481013,2.53164556962025,0,0,0,17.7215189873418,0,0,0,0,0,0,16.4556962025316,0,13.9240506329114,0,0,0,0,0,0,0,0,45.5696202531646
"86",-33.5933,115.2087,20210302,NA,"Geographe","Y",100,0,0,0,22.5,0,0,3.75,0,0,0,15,0,1.25,1.25,0,0,0,11.25,15,27.5,0,0,0,0,1.25,0,1.25,0,0
"68",-33.5934,115.2149,20210302,NA,"Geographe","Y",100,0,0,0,11.25,0,0,0,0,0,0,2.5,0,0,0,0,0,0,37.5,0,47.5,0,0,0,0,0,0,0,0,1.25
"53",-33.5992,115.2197,20210302,NA,"Geographe","Y",100,0,0,0,0,0,0,0,0,0,0,8.97435897435897,0,0,0,0,0,0,11.5384615384615,0,58.974358974359,0,0,0,0,0,0,0,0,20.5128205128205
"65",-33.6009,115.2278,20210302,NA,"Geographe","Y",100,0,0,0,0,0,0,0,0,0,0,5,0,0,0,0,0,0,18.75,0,0,0,0,0,0,0,0,0,0,76.25
"84",-33.6009,115.2313,20210302,NA,"Geographe","Y",100,0,0,0,0,0,0,0,0,0,0,0,0,0,0,0,0,0,46.25,0,0,0,0,0,0,0,0,0,0,53.75
"77",-33.596,115.2247,20210302,NA,"Geographe","Y",100,0,0,0,0,0,2.5,0,0,0,0,12.5,0,0,0,0,0,0,23.75,0,0,0,0,0,0,0,0,0,0,61.25
"61",-33.5895,115.2215,20210302,NA,"Geographe","Y",100,0,0,0,0,10,0,0,0,0,0,0,0,0,0,0,0,0,0,0,0,0,0,0,0,0,0,0,0,90
"69",-33.5863,115.2183,20210302,NA,"Geographe","Y",100,0,0,0,0,1.26582278481013,0,0,0,0,0,0,0,0,0,0,0,0,0,0,0,0,0,0,0,0,0,0,0,98.7341772151899
"88",-33.5862,115.2217,20210302,NA,"Geographe","Y",100,1.26582278481013,0,0,1.26582278481013,7.59493670886076,0,0,0,0,0,10.126582278481,0,0,0,0,0,0,25.3164556962025,0,2.53164556962025,0,0,0,0,0,0,0,1.26582278481013,50.6329113924051
"90",-33.5765,115.2198,20210302,NA,"Geographe","Y",100,0,0,0,0,0,0,0,0,0,0,1.25,0,0,0,0,0,0,2.5,0,1.25,0,0,0,0,0,0,0,0,95
"59",-33.575,115.2262,20210302,NA,"Geographe","Y",100,0,0,0,21.6216216216216,0,0,0,0,0,0,31.0810810810811,0,0,1.35135135135135,0,0,0,4.05405405405405,0,32.4324324324324,0,0,0,2.7027027027027,2.7027027027027,0,4.05405405405405,0,0
"98",-33.5733,115.2215,20210302,NA,"Geographe","Y",100,0,0,0,0,0,0,0,0,0,0,1.26582278481013,0,0,0,0,0,0,0,0,0,0,0,0,0,0,0,0,0,98.7341772151899
"100",-33.5658,115.2022,20210302,NA,"Geographe","Y",100,0,0,0,0,0,0,0,0,0,0,0,0,0,0,0,0,0,1.25,0,0,0,0,0,0,0,0,0,0,98.75
"70",-33.5643,115.2101,20210302,NA,"Geographe","Y",100,0,0,0,0,0,0,0,0,0,0,0,0,0,0,0,0,0,0,0,0,0,0,0,0,0,0,0,0,100
"89",-33.5644,115.2136,20210302,NA,"Geographe","Y",100,0,0,0,7.5,0,0,0,0,0,0,11.25,0,0,0,0,3.75,0,1.25,0,55,0,0,0,0,2.5,0,0,0,18.75
"78",-33.5668,115.2168,20210302,NA,"Geographe","Y",100,0,0,0,3.79746835443038,0,0,0,0,0,0,32.9113924050633,0,0,0,0,0,0,1.26582278481013,1.26582278481013,3.79746835443038,0,0,0,0,0,0,0,0,56.9620253164557
"56",-33.5702,115.2247,20210302,NA,"Geographe","Y",100,0,2.5,0,0,0,0,0,0,0,0,40,0,0,0,0,0,0,11.25,0,20,0,0,0,0,0,0,0,0,26.25
"94",-33.5622,115.2331,20210302,NA,"Geographe","Y",100,0,0,0,7.5,0,8.75,0,0,0,0,15,0,0,0,0,0,0,0,0,66.25,0,0,0,1.25,0,0,0,0,1.25
"75",-33.5622,115.2297,20210302,NA,"Geographe","Y",100,0,0,0,0,0,0,0,0,0,0,0,0,0,0,0,0,0,0,0,0,0,0,0,0,0,0,0,1.26582278481013,98.7341772151899
"64",-33.5605,115.2199,20210302,NA,"Geographe","Y",100,0,0,0,0,0,0,0,0,0,0,0,0,0,0,0,0,0,0,1.25,0,0,0,0,0,0,0,0,0,98.75
"96",-33.5589,115.2261,20210302,NA,"Geographe","Y",100,0,0,0,0,0,1.28205128205128,0,0,0,0,0,0,0,0,0,0,0,0,0,0,0,0,0,0,0,0,0,0,98.7179487179487
"67",-33.5573,115.2244,20210302,NA,"Geographe","Y",100,0,0,0,0,0,0,0,0,0,0,0,0,0,0,0,0,0,0,0,0,0,0,0,0,0,0,0,0,100
"72",-33.5547,115.2146,20210302,NA,"Geographe","Y",100,0,0,0,0,0,0,0,0,0,0,0,0,0,0,0,0,0,0,0,0,0,0,0,0,0,0,0,0,100
"91",-33.5547,115.2116,20210302,NA,"Geographe","Y",100,0,1.25,0,0,0,0,0,0,0,0,0,0,0,0,0,0,0,1.25,0,0,0,0,0,0,0,0,0,0,97.5
"60",-33.553,115.205,20210303,NA,"Geographe","Y",100,0,0,0,0,3.79746835443038,0,0,0,0,0,0,0,0,0,0,0,0,0,0,0,0,0,0,0,0,0,0,0,96.2025316455696
"87",-33.5497,115.2053,20210303,NA,"Geographe","Y",100,0,0,0,0,0,1.25,0,0,0,0,16.25,0,0,0,0,0,0,43.75,0,1.25,0,0,0,0,0,0,0,0,37.5
"115",-33.5467,115.1977,20210303,NA,"Geographe","Y",100,0,0,0,0,0,0,0,0,0,0,2.5,0,0,0,0,0,0,0,0,15,0,1.25,0,0,0,0,0,0,81.25
"95",-33.54,115.2006,20210303,NA,"Geographe","Y",100,0,0,0,0,0,0,0,0,0,0,0,0,0,0,0,0,0,0,0,0,0,0,0,0,0,0,0,0,100
"76",-33.5401,115.2085,20210303,NA,"Geographe","Y",100,0,0,0,0,0,0,0,0,0,0,0,0,0,0,0,0,0,0,3.75,0,0,0,0,0,0,0,0,0,96.25
"52",-33.5433,115.2036,20210303,NA,"Geographe","Y",100,0,0,0,0,0,5,0,0,0,0,0,0,0,0,0,0,0,5,0,0,0,0,0,0,0,0,0,0,90
"79",-33.545,115.2086,20210303,NA,"Geographe","Y",100,0,0,0,0,0,0,0,0,0,0,0,0,0,0,0,0,0,0,0,0,0,0,0,0,0,0,0,0,100
"57",-33.5484,115.2164,20210303,NA,"Geographe","Y",100,0,0,0,1.25,0,2.5,0,0,0,0,0,0,0,0,0,0,0,1.25,0,0,0,0,0,0,0,0,0,0,95
"71",-33.5428,115.2279,20210303,NA,"Geographe","Y",100,0,0,0,28.2051282051282,0,6.41025641025641,0,0,0,0,23.0769230769231,0,0,0,0,0,0,3.84615384615385,0,35.8974358974359,0,0,0,0,0,0,0,0,2.56410256410256
"62",-33.5461,115.2311,20210303,NA,"Geographe","Y",100,0,0,0,0,0,3.75,0,0,0,0,0,0,0,0,0,0,0,0,2.5,0,0,0,0,0,0,0,0,0,93.75
"82",-33.5525,115.2279,20210303,NA,"Geographe","Y",100,0,0,0,0,0,1.25,0,0,0,0,0,0,0,0,0,0,0,0,0,2.5,0,0,0,0,0,0,0,0,96.25
"118",-33.5713,115.2398,20210303,NA,"Geographe","Y",100,0,0,0,0,0,0,0,0,0,0,0,0,0,0,0,0,0,0,0,3.75,0,0,0,0,0,0,0,0,96.25
"230",-33.5723,115.2482,20210303,NA,"Geographe","Y",100,1.25,0,0,0,0,7.5,0,0,0,0,25,0,0,0,0,0,0,0,0,53.75,0,0,0,0,0,0,0,0,12.5
"80",-33.5815,115.2295,20210303,NA,"Geographe",NA,100,0,0,0,0,0,1.26582278481013,0,0,0,0,3.79746835443038,0,0,0,0,0,0,36.7088607594937,0,8.86075949367089,0,0,0,0,0,0,0,0,49.3670886075949
"58",-33.5848,115.233,20210303,NA,"Geographe",NA,100,0,0,0,0,0,0,0,0,0,0,0,0,0,0,0,0,0,0,0,0,0,0,0,0,0,0,0,0,100
"99",-33.588,115.2299,20210303,NA,"Geographe",NA,100,0,0,0,0,0,0,0,0,0,0,2.5,0,0,0,0,0,0,6.25,0,0,0,0,0,0,0,0,0,0,91.25
"92",-33.5912,115.2282,20210303,NA,"Geographe",NA,100,0,0,0,0,0,1.26582278481013,0,0,0,0,0,0,0,0,0,0,0,0,0,0,0,0,0,0,0,0,0,1.26582278481013,97.4683544303797
"73",-33.5912,115.2312,20210303,NA,"Geographe",NA,100,0,0,0,0,0,0,0,0,0,0,0,0,0,0,0,0,0,0,0,0,0,0,0,0,0,0,0,0,100
"170",-33.592,115.2382,20210303,NA,"Geographe",NA,100,0,0,0,0,0,2.5,0,0,0,0,18.75,0,0,0,0,0,0,23.75,0,37.5,0,0,0,0,0,0,0,0,17.5
"206",-33.5948,115.243,20210303,NA,"Geographe",NA,100,0,0,0,1.2987012987013,0,0,2.5974025974026,0,0,0,3.8961038961039,0,0,0,0,0,0,0,0,90.9090909090909,0,0,0,0,0,1.2987012987013,0,0,0
"158",-33.6027,115.2546,20210303,NA,"Geographe",NA,100,0,0,0,0,0,0,0,0,0,0,3.75,0,0,0,0,0,0,65,0,25,0,0,0,0,0,0,0,0,6.25
"120",-33.5906,115.2584,20210303,NA,"Geographe",NA,100,0,0,0,1.23456790123457,0,0,1.23456790123457,0,0,0,19.7530864197531,0,0,0,0,0,0,17.2839506172839,0,43.2098765432099,0,0,0,0,0,0,0,0,17.2839506172839
"232",-33.5914,115.2502,20210303,NA,"Geographe",NA,100,0,0,0,0,0,0,0,0,0,0,2.5,0,0,0,0,0,0,90,0,6.25,0,0,0,0,1.25,0,0,0,0
"247",-33.5845,115.2409,20210303,NA,"Geographe",NA,100,0,0,0,0,0,1.25,0,0,0,0,21.25,0,0,0,0,6.25,0,20,0,27.5,0,0,0,0,0,0,0,0,23.75
"133",-33.5798,115.2491,20210303,NA,"Geographe",NA,100,0,0,0,0,0,7.5,0,0,0,0,10,0,0,0,0,0,0,25,0,0,0,0,0,0,0,0,0,0,57.5
"106",-33.5539,115.2544,20210303,NA,"Geographe",NA,100,0,0,0,0,0,0,0,0,0,2.46913580246914,35.8024691358025,0,0,0,0,0,0,23.4567901234568,0,7.40740740740741,0,0,0,0,0,0,0,0,30.8641975308642
"219",-33.5492,115.2582,20210303,NA,"Geographe",NA,100,0,0,0,0,0,0,2.5,0,0,0,2.5,0,0,0,0,0,0,0,0,0,0,0,0,0,0,0,0,0,95
"152",-33.5437,115.2653,20210303,NA,"Geographe",NA,100,0,0,0,0,0,2.53164556962025,0,0,0,0,1.26582278481013,0,0,0,0,0,0,0,0,18.9873417721519,0,0,0,0,0,0,0,0,77.2151898734177
"236",-33.5413,115.2891,20210303,NA,"Geographe",NA,100,0,0,0,0,0,1.25,0,0,0,0,0,0,0,0,0,0,0,0,0,0,0,0,0,0,0,0,0,0,98.75
"164",-33.5523,115.2746,20210303,NA,"Geographe",NA,100,0,0,0,0,0,0,0,0,0,0,1.25,0,0,0,0,0,0,0,0,0,0,0,0,0,0,0,0,0,98.75
"198",-33.5634,115.2626,20210303,NA,"Geographe",NA,100,0,0,0,0,0,0,8.75,0,0,0,27.5,0,0,0,0,0,0,0,0,0,0,0,0,0,0,0,0,0,63.75
"125",-33.5738,115.2682,20210303,NA,"Geographe",NA,100,0,0,0,0,0,7.59493670886076,1.26582278481013,0,0,0,13.9240506329114,0,0,0,0,10.126582278481,0,40.5063291139241,0,8.86075949367089,0,0,0,2.53164556962025,0,0,0,0,15.1898734177215
"137",-33.5823,115.2692,20210303,NA,"Geographe",NA,100,0,0,0,0,0,5,1.25,0,0,0,1.25,0,0,0,0,6.25,0,65,0,1.25,0,0,0,0,0,0,0,0,20
"213",-33.6002,115.2714,20210303,NA,"Geographe",NA,100,0,0,0,0,0,7.79220779220779,3.8961038961039,0,0,0,6.49350649350649,0,0,0,0,1.2987012987013,0,51.9480519480519,0,14.2857142857143,0,0,0,0,0,0,0,0,14.2857142857143
"244",-33.604,115.2784,20210303,NA,"Geographe",NA,100,0,0,0,0,0,0,0,0,0,0,10,0,0,0,0,0,0,75,0,12.5,0,0,0,0,0,0,0,0,2.5
"128",-33.5994,115.2867,20210303,NA,"Geographe",NA,100,0,0,0,6.25,0,0,2.5,0,0,0,23.75,0,1.25,0,0,0,0,62.5,0,0,0,0,0,0,0,0,0,0,3.75
"185",-33.5976,115.2902,20210303,NA,"Geographe",NA,100,0,0,0,1.26582278481013,0,5.06329113924051,3.79746835443038,0,0,0,17.7215189873418,0,0,0,0,3.79746835443038,0,32.9113924050633,0,2.53164556962025,0,0,0,0,0,0,0,1.26582278481013,31.6455696202532
"203",-33.589,115.2811,20210303,NA,"Geographe",NA,100,0,0,0,0,0,3.75,5,0,0,0,16.25,0,2.5,0,0,1.25,0,56.25,0,2.5,0,0,0,0,0,0,0,0,12.5
"111",-33.5798,115.2917,20210303,NA,"Geographe",NA,100,0,0,0,0,0,0,0,0,0,1.23456790123457,7.40740740740741,0,0,0,0,0,0,41.9753086419753,0,17.2839506172839,0,0,0,0,0,0,0,0,32.0987654320988
"154",-33.5693,115.2837,20210303,NA,"Geographe",NA,100,0,0,0,27.2727272727273,0,0,0,5.19480519480519,0,0,35.0649350649351,0,0,0,0,0,0,0,0,15.5844155844156,0,0,0,0,0,0,0,0,16.8831168831169
"177",-33.561,115.2956,20210303,NA,"Geographe",NA,100,0,0,0,0,0,7.59493670886076,0,0,0,0,0,0,0,0,0,1.26582278481013,0,0,0,31.6455696202532,0,0,0,0,0,0,0,0,59.4936708860759
"150",-33.5569,115.3028,20210303,NA,"Geographe",NA,100,0,0,0,0,0,34.5679012345679,2.46913580246914,0,0,0,25.9259259259259,0,0,0,0,0,0,0,0,9.87654320987654,0,0,0,0,0,0,0,0,27.1604938271605
"245",-33.5665,115.3171,20210303,NA,"Geographe",NA,100,0,0,0,0,0,0,8.75,0,0,0,42.5,0,0,0,0,0,0,0,0,45,0,0,0,1.25,2.5,0,0,0,0
"112",-33.5674,115.3109,20210303,NA,"Geographe",NA,100,0,0,0,0,0,0,0,0,0,0,22.2222222222222,0,0,0,0,0,0,25,0,45.8333333333333,0,0,0,1.38888888888889,5.55555555555556,0,0,0,0
"225",-33.5711,115.3051,20210303,NA,"Geographe",NA,100,0,0,0,20,0,0,10,0,0,0,11.25,3.75,0,0,0,0,0,0,0,52.5,0,0,0,1.25,1.25,0,0,0,0
"238",-33.5795,115.3073,20210303,NA,"Geographe",NA,100,0,0,0,0,0,2.5,0,0,0,0,0,0,0,0,0,6.25,0,0,0,0,0,0,0,0,0,0,0,0,91.25
"209",-33.577,115.3287,20210303,NA,"Geographe",NA,100,0,0,0,7.5,0,0,7.5,7.5,0,0,28.75,3.75,0,0,0,0,0,11.25,0,26.25,0,0,0,1.25,0,0,0,0,6.25
"130",-33.562,115.3252,20210303,NA,"Geographe",NA,100,0,0,0,0,0,0,0,0,0,0,7.40740740740741,0,0,0,0,0,0,12.3456790123457,0,76.5432098765432,0,0,0,0,0,0,0,0,3.7037037037037
"161",-33.5657,115.3311,20210303,NA,"Geographe",NA,100,0,0,0,0,0,12.6582278481013,1.26582278481013,0,0,5.06329113924051,10.126582278481,0,0,0,0,0,0,27.8481012658228,0,0,0,0,0,0,0,0,0,0,43.0379746835443
"194",-33.5686,115.3381,20210303,NA,"Geographe",NA,100,0,0,0,0,0,1.31578947368421,6.57894736842105,0,0,0,3.94736842105263,0,0,0,0,0,0,73.6842105263158,0,2.63157894736842,0,0,0,0,0,0,0,0,11.8421052631579
"242",-33.577,115.3548,20210304,NA,"Geographe",NA,100,0,0,0,0,0,12.5,0,0,0,0,2.5,0,0,0,0,0,0,48.75,0,0,0,0,0,0,0,0,0,0,36.25
"116",-33.576,115.3534,20210304,NA,"Geographe",NA,100,0,0,0,0,0,0,2.5,0,0,0,2.5,0,0,0,0,0,0,65,0,0,0,0,0,0,0,0,0,0,30
"140",-33.5706,115.3452,20210304,NA,"Geographe",NA,100,0,0,0,0,0,0,2.5,0,0,0,17.5,5,6.25,0,0,0,0,55,0,11.25,0,0,0,0,0,0,0,0,2.5
"103",-33.5593,115.3395,20210304,NA,"Geographe",NA,100,0,0,0,0,0,0,2.46913580246914,0,0,0,0,0,0,0,0,0,0,92.5925925925926,0,0,4.93827160493827,0,0,0,0,0,0,0,0
"180",-33.549,115.3432,20210304,NA,"Geographe",NA,100,0,0,0,0,0,7.5,0,0,0,0,2.5,0,0,0,0,0,0,40,0,47.5,0,0,0,0,0,0,0,0,2.5
"224",-33.5461,115.334,20210304,NA,"Geographe",NA,100,0,0,0,0,0,2.5,0,0,0,1.25,2.5,0,0,0,0,0,0,51.25,0,37.5,0,0,0,0,0,0,0,0,5
"241",-33.5293,115.3462,20210304,NA,"Geographe",NA,100,0,0,0,0,0,0,11.5384615384615,0,0,0,32.0512820512821,1.28205128205128,0,0,0,0,0,0,0,51.2820512820513,0,0,0,2.56410256410256,0,0,0,0,1.28205128205128
"167",-33.5407,115.3505,20210304,NA,"Geographe",NA,100,0,0,0,0,0,3.84615384615385,0,0,0,6.41025641025641,11.5384615384615,0,0,0,0,0,0,0,0,64.1025641025641,0,0,0,0,0,0,0,0,14.1025641025641
"141",-33.5423,115.3552,20210304,NA,"Geographe",NA,100,0,0,0,0,0,5.12820512820513,0,0,0,0,1.28205128205128,0,0,0,0,0,0,89.7435897435898,0,0,0,0,0,0,0,0,0,0,3.84615384615385
"190",-33.5657,115.3571,20210304,NA,"Geographe",NA,100,0,0,0,0,0,1.38888888888889,0,0,0,0,0,0,0,0,0,0,0,81.9444444444444,0,16.6666666666667,0,0,0,0,0,0,0,0,0
"227",-33.5687,115.362,20210304,NA,"Geographe",NA,100,0,0,0,0,0,2.56410256410256,0,0,0,0,8.97435897435897,0,0,0,0,0,0,67.948717948718,0,0,0,0,0,0,0,0,0,0,20.5128205128205
"175",-33.5716,115.3713,20210304,NA,"Geographe",NA,100,0,0,0,0,0,2.53164556962025,2.53164556962025,0,0,1.26582278481013,17.7215189873418,0,0,0,0,0,0,44.3037974683544,0,29.1139240506329,0,0,0,0,0,0,0,0,2.53164556962025
"196",-33.5745,115.3762,20210304,NA,"Geographe",NA,100,0,0,0,0,0,4.05405405405405,1.35135135135135,0,0,0,0,0,0,0,0,0,0,47.2972972972973,0,10.8108108108108,0,0,0,0,0,0,0,1.35135135135135,35.1351351351351
"35",-33.5702,115.381,20210304,NA,"Geographe",NA,100,0,0,0,0,0,3.75,0,0,0,0,0,0,0,0,0,0,0,76.25,0,0,0,0,0,0,0,0,0,0,20
"17",-33.5696,115.3836,20210304,NA,"Geographe",NA,100,0,0,0,0,0,3.75,0,0,0,0,0,0,0,0,0,0,5,56.25,0,0,0,0,0,0,0,0,0,0,35
"8",-33.5684,115.3783,20210304,NA,"Geographe",NA,100,0,0,0,0,0,0,0,0,0,0,0,0,0,0,0,0,0,65,0,0,0,0,0,0,0,0,0,0,35
"25",-33.565,115.3759,20210304,NA,"Geographe",NA,100,0,0,0,0,0,1.25,0,0,0,0,21.25,0,1.25,0,0,0,0,21.25,0,52.5,0,0,0,0,0,0,0,0,2.5
"36",-33.5644,115.3824,20210304,NA,"Geographe",NA,100,0,0,0,2.56410256410256,0,10.2564102564103,0,0,0,0,7.69230769230769,1.28205128205128,0,0,0,1.28205128205128,0,23.0769230769231,0,47.4358974358974,0,0,0,0,0,0,0,0,6.41025641025641
"45",-33.5623,115.3772,20210304,NA,"Geographe",NA,100,0,0,0,0,0,5,0,0,0,0,0,0,0,0,0,0,0,70,0,0,0,0,0,0,0,0,0,0,25
"16",-33.5599,115.3786,20210304,NA,"Geographe",NA,100,0,0,0,0,0,3.8961038961039,0,0,0,0,0,0,0,0,0,0,0,87.012987012987,0,0,0,0,0,0,0,0,0,0,9.09090909090909
"3",-33.5606,115.3734,20210304,NA,"Geographe",NA,100,0,0,0,0,0,11.25,0,0,0,0,2.5,0,0,0,0,0,0,61.25,0,0,0,0,0,0,0,0,0,0,25
"39",-33.5623,115.3721,20210304,NA,"Geographe",NA,100,0,0,0,0,0,0,0,0,0,0,8.75,0,0,0,0,0,0,78.75,0,10,0,0,0,0,0,0,0,0,2.5
"30",-33.5572,115.3709,20210304,NA,"Geographe",NA,100,0,0,0,0,0,5.19480519480519,5.19480519480519,0,0,0,10.3896103896104,0,0,0,0,0,0,79.2207792207792,0,0,0,0,0,0,0,0,0,0,0
"11",-33.5567,115.3683,20210304,NA,"Geographe",NA,100,0,0,0,0,0,0,6.32911392405063,0,0,0,25.3164556962025,0,0,0,0,0,0,62.0253164556962,0,6.32911392405063,0,0,0,0,0,0,0,0,0
"47",-33.5545,115.3739,20210304,NA,"Geographe",NA,100,0,0,0,14.1025641025641,0,1.28205128205128,1.28205128205128,0,0,0,41.025641025641,0,2.56410256410256,0,0,0,0,2.56410256410256,0,35.8974358974359,0,0,0,1.28205128205128,0,0,0,0,0
"32",-33.5546,115.3778,20210304,NA,"Geographe",NA,100,0,0,0,7.5,0,0,1.25,0,0,0,27.5,0,1.25,0,0,0,0,18.75,0,43.75,0,0,0,0,0,0,0,0,0
"5",-33.553,115.3803,20210304,NA,"Geographe",NA,100,0,0,0,0,0,2.5,3.75,0,0,0,11.25,0,0,0,0,0,0,72.5,0,0,0,0,0,0,0,0,0,0,10
"18",-33.552,115.3701,20210304,NA,"Geographe",NA,100,0,0,0,0,0,1.25,0,0,0,0,12.5,0,0,0,0,0,0,0,0,86.25,0,0,0,0,0,0,0,0,0
"44",-33.5505,115.3637,20210304,NA,"Geographe",NA,100,0,0,0,2.66666666666667,0,1.33333333333333,0,0,0,0,5.33333333333333,0,0,0,0,0,0,56,0,0,0,0,0,0,0,0,0,0,34.6666666666667
"7",-33.5412,115.3651,20210304,NA,"Geographe",NA,100,0,0,0,0,0,0,0,0,0,0,0,0,0,0,0,0,0,70,0,0,0,0,0,0,0,0,0,0,30
"21",-33.5377,115.3669,20210304,NA,"Geographe",NA,100,0,0,0,0,0,1.2987012987013,0,0,0,0,6.49350649350649,0,0,0,0,0,0,83.1168831168831,0,3.8961038961039,0,0,0,0,0,0,0,0,5.19480519480519
"234",-33.5264,115.3652,20210304,NA,"Geographe",NA,100,0,0,0,0,0,0,0,0,0,0,2.5,0,0,0,0,0,0,46.25,0,7.5,0,0,0,0,0,0,0,0,43.75
"210",-33.5094,115.3615,20210304,NA,"Geographe",NA,100,0,0,0,0,0,8.86075949367089,0,0,0,10.126582278481,2.53164556962025,0,0,0,0,0,0,49.3670886075949,0,0,0,0,0,0,0,0,0,0,29.1139240506329
"191",-33.5152,115.3708,20210304,NA,"Geographe",NA,100,0,0,0,0,0,6.41025641025641,2.56410256410256,0,0,1.28205128205128,5.12820512820513,0,0,0,0,0,0,61.5384615384615,0,14.1025641025641,0,0,0,0,0,0,0,0,8.97435897435897
"34",-33.5314,115.3748,20210304,NA,"Geographe",NA,100,0,0,0,0,0,2.5974025974026,0,0,0,0,7.79220779220779,0,0,0,0,0,0,68.8311688311688,0,12.987012987013,0,0,0,0,0,0,0,0,7.79220779220779
"2",-33.5375,115.3772,20210304,NA,"Geographe",NA,100,0,0,0,0,0,5,1.25,0,0,0,0,0,0,0,0,0,0,88.75,0,3.75,0,0,0,0,0,0,0,0,1.25
"42",-33.5392,115.3794,20210304,NA,"Geographe",NA,100,0,0,0,0,0,3.84615384615385,0,0,0,0,11.5384615384615,0,0,0,0,0,0,7.69230769230769,0,62.8205128205128,0,0,0,0,0,0,0,0,14.1025641025641
"14",-33.5443,115.3754,20210304,NA,"Geographe",NA,100,0,0,0,0,0,0,0,0,0,0,0,0,0,0,0,0,0,0,0,100,0,0,0,0,0,0,0,0,0
"10",-33.5452,115.3754,20210304,NA,"Geographe",NA,100,0,0,0,0,0,0,0,0,0,0,7.5,0,0,0,0,0,0,0,0,92.5,0,0,0,0,0,0,0,0,0
"22",-33.5495,115.3805,20210304,NA,"Geographe",NA,100,0,0,0,26.9230769230769,0,5.12820512820513,3.84615384615385,5.12820512820513,1.28205128205128,0,25.6410256410256,0,0,0,0,0,0,0,0,25.6410256410256,0,0,2.56410256410256,0,0,0,0,0,3.84615384615385
"15",-33.5541,115.3855,20210304,NA,"Geographe",NA,100,0,0,0,0,0,6.25,0,0,0,0,0,0,0,0,0,0,0,78.75,0,0,0,0,0,0,0,0,0,0,15
"43",-33.5566,115.3842,20210304,NA,"Geographe",NA,100,0,0,0,1.25,0,17.5,1.25,0,0,0,16.25,0,0,0,0,0,0,43.75,0,3.75,0,0,0,0,0,0,0,0,16.25
"27",-33.5593,115.3862,20210304,NA,"Geographe",NA,100,0,0,0,2.53164556962025,0,0,0,0,0,0,5.06329113924051,0,0,0,0,0,0,73.4177215189873,0,18.9873417721519,0,0,0,0,0,0,0,0,0
"13",-33.5619,115.3888,20210304,NA,"Geographe",NA,100,0,0,0,0,0,8.75,0,0,0,0,0,0,0,0,0,2.5,0,67.5,0,3.75,0,0,0,0,0,0,0,0,17.5
"9",-33.5628,115.3888,20210304,NA,"Geographe",NA,100,0,0,0,0,0,20.253164556962,0,0,0,0,0,0,0,0,0,0,0,43.0379746835443,0,13.9240506329114,0,0,0,0,0,0,0,0,22.7848101265823
"41",-33.5568,115.3928,20210304,NA,"Geographe",NA,100,0,0,0,0,0,0,0,0,0,0,0,0,0,0,0,0,0,0,0,100,0,0,0,0,0,0,0,0,0
"1",-33.5551,115.3906,20210304,NA,"Geographe",NA,100,0,0,0,0,0,15,0,0,0,0,5,0,0,0,0,0,0,45,0,31.25,0,0,0,0,0,0,0,0,3.75
"33",-33.549,115.3882,20210304,NA,"Geographe",NA,100,0,0,0,0,0,2.5,0,0,0,0,0,0,0,0,0,0,0,96.25,0,0,0,0,0,0,0,0,0,0,1.25
"6",-33.5473,115.3856,20210304,NA,"Geographe",NA,100,0,0,0,14.4736842105263,0,5.26315789473684,3.94736842105263,13.1578947368421,0,0,36.8421052631579,0,0,0,0,0,0,14.4736842105263,0,9.21052631578947,0,0,0,0,0,0,0,0,2.63157894736842
"23",-33.5438,115.3832,20210304,NA,"Geographe",NA,100,0,0,0,24.3589743589744,0,1.28205128205128,10.2564102564103,0,0,0,37.1794871794872,0,0,0,0,0,0,10.2564102564103,0,16.6666666666667,0,0,0,0,0,0,0,0,0
"20",-33.5556,115.401,20210305,NA,"Geographe",NA,100,0,0,0,0,0,2.5,0,0,0,0,0,0,0,0,0,0,0,31.25,0,56.25,0,0,0,0,0,0,0,0,10
"50",-33.5529,115.3971,20210305,NA,"Geographe",NA,100,0,0,0,0,0,0,0,0,0,0,7.59493670886076,0,0,0,0,0,0,39.2405063291139,0,53.1645569620253,0,0,0,0,0,0,0,0,0
"28",-33.5517,115.3933,20210305,NA,"Geographe",NA,100,0,0,0,0,0,5.47945205479452,0,0,0,0,12.3287671232877,0,0,0,0,0,0,61.6438356164384,0,0,0,0,0,0,0,0,0,0,20.5479452054795
"12",-33.5504,115.3959,20210305,NA,"Geographe",NA,100,0,0,0,0,0,0,0,0,0,0,2.56410256410256,0,0,0,0,0,0,93.5897435897436,0,3.84615384615385,0,0,0,0,0,0,0,0,0
"48",-33.549,115.3946,20210305,NA,"Geographe",NA,100,0,0,0,0,0,5.19480519480519,0,0,0,0,0,0,0,0,0,0,0,92.2077922077922,0,0,0,0,0,0,0,0,0,0,2.5974025974026
"19",-33.5464,115.3908,20210305,NA,"Geographe",NA,100,0,0,0,0,0,3.75,0,0,0,0,0,0,0,0,0,0,0,92.5,0,3.75,0,0,0,0,0,0,0,0,0
"37",-33.5413,115.3896,20210305,NA,"Geographe",NA,100,0,0,0,6.25,0,0,0,0,0,0,10,0,0,0,0,0,0,0,0,82.5,0,0,0,0,0,0,0,0,1.25
"24",-33.5361,115.3901,20210305,NA,"Geographe",NA,100,0,0,0,0,0,12.6582278481013,2.53164556962025,0,0,0,13.9240506329114,0,1.26582278481013,0,0,0,0,25.3164556962025,0,37.9746835443038,0,0,0,0,0,0,0,0,6.32911392405063
"38",-33.5335,115.3863,20210305,NA,"Geographe",NA,100,0,0,0,0,0,3.75,1.25,0,0,0,2.5,0,0,0,0,0,0,91.25,0,0,0,0,0,0,0,0,0,0,1.25
"49",-33.5314,115.3813,20210305,NA,"Geographe",NA,100,0,0,0,0,0,6.32911392405063,1.26582278481013,0,0,0,10.126582278481,0,1.26582278481013,0,0,0,0,64.5569620253165,0,3.79746835443038,0,0,0,0,0,0,0,0,12.6582278481013
"29",-33.5283,115.3852,20210305,NA,"Geographe",NA,100,0,0,0,0,0,0,0,0,0,0,6.25,0,0,0,0,0,0,88.75,0,5,0,0,0,0,0,0,0,0,0
"223",-33.5182,115.3851,20210305,NA,"Geographe",NA,100,0,0,0,0,0,5,0,0,0,0,0,0,0,0,0,0,0,2.5,0,91.25,0,0,0,0,0,0,0,0,1.25
"148",-33.492,115.3877,20210305,NA,"Geographe",NA,100,0,0,0,0,0,1.25,3.75,0,0,0,31.25,0,0,0,0,0,0,0,0,63.75,0,0,0,0,0,0,0,0,0
"240",-33.5015,115.3972,20210305,NA,"Geographe",NA,100,0,0,0,0,0,5.79710144927536,8.69565217391304,0,4.34782608695652,0,43.4782608695652,0,0,0,0,0,0,0,0,33.3333333333333,0,0,0,0,0,0,0,0,4.34782608695652
"127",-33.509,115.3957,20210305,NA,"Geographe",NA,100,0,0,0,0,0,7.5,0,0,0,0,26.25,0,0,0,0,2.5,0,0,0,53.75,0,0,0,0,0,0,0,0,10
"166",-33.5128,115.4015,20210305,NA,"Geographe",NA,100,0,0,0,0,0,8.97435897435897,7.69230769230769,0,0,2.56410256410256,11.5384615384615,0,0,0,0,0,0,33.3333333333333,0,24.3589743589744,0,0,0,0,0,0,0,0,11.5384615384615
"205",-33.524,115.3959,20210305,NA,"Geographe",NA,100,0,0,0,5,0,5,6.25,5,0,2.5,2.5,0,0,0,0,0,0,35,0,20,0,0,0,0,0,0,0,0,18.75
"131",-33.5344,115.4016,20210305,NA,"Geographe",NA,100,0,0,0,1.2987012987013,0,1.2987012987013,11.6883116883117,9.09090909090909,3.8961038961039,3.8961038961039,41.5584415584416,0,0,0,0,0,0,0,0,27.2727272727273,0,0,0,0,0,0,0,0,0
"31",-33.5401,115.3987,20210305,NA,"Geographe",NA,100,0,0,0,0,0,21.5189873417722,0,0,0,0,26.5822784810127,0,0,0,0,0,0,25.3164556962025,0,18.9873417721519,0,0,0,0,0,0,0,0,7.59493670886076
"4",-33.5436,115.4012,20210305,NA,"Geographe",NA,100,0,0,0,0,0,0,1.28205128205128,0,0,0,11.5384615384615,0,0,0,0,0,0,87.1794871794872,0,0,0,0,0,0,0,0,0,0,0
"40",-33.5453,115.3999,20210305,NA,"Geographe",NA,100,0,0,0,0,0,0,0,0,0,0,6.41025641025641,0,0,0,0,0,0,0,0,93.5897435897436,0,0,0,0,0,0,0,0,0
"26",-33.5479,115.4037,20210305,NA,"Geographe",NA,100,0,0,0,0,0,10,0,0,0,0,16.25,0,0,0,0,0,0,48.75,0,13.75,0,0,0,0,0,0,0,0,11.25
"46",-33.5452,115.405,20210305,NA,"Geographe",NA,100,0,0,0,0,0,2.5,0,0,0,0,0,0,0,0,0,0,0,0,0,0,0,0,0,0,0,0,0,0,97.5
"200",-33.5369,115.4147,20210305,NA,"Geographe",NA,100,0,0,0,0,0,5.06329113924051,0,0,0,0,0,0,0,0,0,0,1.26582278481013,3.79746835443038,0,0,0,0,0,0,0,0,0,0,89.873417721519
"146",-33.5303,115.4123,20210305,NA,"Geographe",NA,100,0,0,0,0,0,0,0,0,0,0,8.75,0,0,0,0,0,0,40,0,51.25,0,0,0,0,0,0,0,0,0
"108",-33.5274,115.4064,20210305,NA,"Geographe",NA,100,0,0,0,0,0,0,6.41025641025641,0,0,0,20.5128205128205,0,0,0,0,0,0,56.4102564102564,0,10.2564102564103,0,0,0,0,0,0,0,0,6.41025641025641
"221",-33.5228,115.4102,20210305,NA,"Geographe",NA,100,0,0,0,0,0,2.53164556962025,8.86075949367089,0,0,0,29.1139240506329,0,0,0,0,0,0,44.3037974683544,0,2.53164556962025,0,0,0,0,0,0,0,0,12.6582278481013
"181",-33.52,115.4132,20210305,NA,"Geographe",NA,100,0,0,0,13.8888888888889,0,1.38888888888889,31.9444444444444,9.72222222222222,1.38888888888889,0,31.9444444444444,0,0,0,0,0,0,4.16666666666667,0,0,0,0,0,0,0,2.77777777777778,0,0,2.77777777777778
"235",-33.5144,115.4159,20210305,NA,"Geographe",NA,100,0,0,0,3.94736842105263,0,0,21.0526315789474,1.31578947368421,2.63157894736842,0,55.2631578947368,0,1.31578947368421,1.31578947368421,0,0,0,10.5263157894737,0,1.31578947368421,0,0,0,0,0,0,0,0,1.31578947368421
"122",-33.5136,115.424,20210305,NA,"Geographe",NA,100,0,0,0,0,0,0,2.5,5,0,0,22.5,0,0,0,0,0,0,1.25,0,67.5,0,0,0,0,0,0,0,0,1.25
"142",-33.5049,115.4064,20210305,NA,"Geographe",NA,100,0,0,0,0,0,0,6.32911392405063,0,0,0,17.7215189873418,0,0,0,0,0,0,75.9493670886076,0,0,0,0,0,0,0,0,0,0,0
"215",-33.4974,115.4044,20210305,NA,"Geographe",NA,100,0,0,0,0,0,5.06329113924051,6.32911392405063,0,0,0,8.86075949367089,0,0,0,0,0,0,34.1772151898734,0,40.5063291139241,0,0,0,1.26582278481013,0,1.26582278481013,0,0,2.53164556962025
"104",-33.4936,115.4102,20210305,NA,"Geographe",NA,100,0,0,0,0,0,0,18.75,0,0,0,30,0,0,0,0,0,0,7.5,0,32.5,0,0,0,1.25,0,0,0,0,10
"202",-33.4861,115.4093,20210305,NA,"Geographe",NA,100,0,0,0,0,0,20.5128205128205,0,0,0,6.41025641025641,15.3846153846154,0,0,0,0,0,1.28205128205128,21.7948717948718,0,8.97435897435897,0,0,0,0,0,0,0,0,25.6410256410256
"110",-33.4769,115.4199,20210305,NA,"Geographe",NA,100,0,0,0,0,0,0,8.75,0,0,0,46.25,0,0,0,0,0,0,0,0,37.5,0,0,0,1.25,0,0,0,0,6.25
"184",-33.4693,115.4189,20210305,NA,"Geographe",NA,100,0,0,0,0,0,2.53164556962025,0,0,0,5.06329113924051,0,0,0,0,0,0,0,2.53164556962025,0,0,0,0,0,0,0,0,0,0,89.873417721519
"212",-33.4724,115.438,20210305,NA,"Geographe",NA,100,0,0,0,0,0,3.94736842105263,13.1578947368421,0,0,1.31578947368421,22.3684210526316,0,0,0,0,0,0,21.0526315789474,0,11.8421052631579,0,0,0,0,0,0,0,1.31578947368421,25
"136",-33.4799,115.4353,20210305,NA,"Geographe",NA,100,0,0,0,0,0,3.94736842105263,14.4736842105263,0,0,0,27.6315789473684,0,0,0,0,0,0,27.6315789473684,0,10.5263157894737,0,0,0,1.31578947368421,0,0,0,0,14.4736842105263
"119",-33.4885,115.4434,20210305,NA,"Geographe",NA,100,0,0,0,0,0,0,27.5,0,1.25,0,33.75,0,0,0,0,0,0,27.5,0,0,0,0,0,0,0,0,0,0,10
"231",-33.4895,115.4519,20210305,NA,"Geographe",NA,100,0,0,0,0,0,0,15.3846153846154,0,0,0,14.1025641025641,0,0,0,0,0,0,60.2564102564103,0,5.12820512820513,0,0,0,0,0,0,0,0,5.12820512820513
"183",-33.4888,115.4564,20210305,NA,"Geographe",NA,100,0,0,0,0,0,0,29.1139240506329,1.26582278481013,0,0,26.5822784810127,0,0,0,0,0,0,41.7721518987342,0,0,0,0,0,1.26582278481013,0,0,0,0,0
"134",-33.497,115.4527,20210305,NA,"Geographe",NA,100,0,0,0,0,0,0,8.75,0,0,0,30,0,0,0,0,0,0,31.25,0,28.75,0,0,0,0,0,0,0,0,1.25
"187",-33.495,115.4374,20210305,NA,"Geographe",NA,100,0,0,0,2.56410256410256,0,0,17.9487179487179,17.9487179487179,1.28205128205128,0,8.97435897435897,0,0,0,0,0,0,12.8205128205128,0,37.1794871794872,0,0,0,0,0,0,0,0,1.28205128205128
"248",-33.5017,115.4446,20210305,NA,"Geographe",NA,100,0,0,0,0,0,0,5.06329113924051,0,0,0,43.0379746835443,0,0,0,0,0,0,49.3670886075949,0,1.26582278481013,0,0,0,0,0,0,0,0,1.26582278481013
"113",-33.5025,115.4384,20210305,NA,"Geographe",NA,100,0,0,0,0,0,0,5.06329113924051,0,0,0,35.4430379746835,0,0,0,0,0,0,43.0379746835443,0,11.3924050632911,0,0,0,1.26582278481013,0,1.26582278481013,0,0,2.53164556962025
"195",-33.5032,115.4278,20210305,NA,"Geographe",NA,100,0,0,0,5,0,2.5,15,0,0,0,2.5,0,0,0,0,0,0,46.25,0,25,0,0,0,0,0,0,0,0,3.75
"226",-33.5062,115.4327,20210305,NA,"Geographe",NA,100,0,0,0,1.26582278481013,0,0,41.7721518987342,29.1139240506329,6.32911392405063,0,7.59493670886076,0,0,1.26582278481013,0,0,0,0,0,11.3924050632911,0,0,0,0,1.26582278481013,0,0,0,0
"171",-33.5091,115.4419,20210305,NA,"Geographe",NA,100,0,0,0,0,0,0,14.2857142857143,9.09090909090909,5.19480519480519,0,16.8831168831169,0,0,0,0,0,0,20.7792207792208,0,33.7662337662338,0,0,0,0,0,0,0,0,0
"151",-33.5174,115.4299,20210305,NA,"Geographe",NA,100,0,0,0,0,0,0,4.47761194029851,0,0,0,7.46268656716418,0,0,0,0,0,0,88.0597014925373,0,0,0,0,0,0,0,0,0,0,0
"165",-33.5258,115.4266,20210305,NA,"Geographe",NA,100,0,0,0,0,0,7.5,0,0,0,0,0,0,0,0,0,0,0,0,0,0,0,0,0,0,0,0,0,0,92.5
