"sample","detailed.consolidated.rock","detailed.fishes.elasmobranchs.rays.skates","detailed.macroalgae.articulated.calcareous.red","detailed.macroalgae.articulated.calcareous.red.articulated.calcareous.red","detailed.macroalgae.encrusting.red.calcareous","detailed.macroalgae.erect.coarse.branching.brown","detailed.macroalgae.erect.coarse.branching.brown.sargassum.spp","detailed.macroalgae.erect.coarse.branching.red","detailed.macroalgae.erect.fine.branching","detailed.macroalgae.erect.fine.branching.red","detailed.macroalgae.filamentous.filiform","detailed.macroalgae.filamentous.filiform.red","detailed.macroalgae.laminate.green","detailed.macroalgae.large.canopy.forming.brown.brown.other.canopy.forming.sp","detailed.seagrasses.elliptical.leaves.halophila.sp.","detailed.seagrasses.strap.like.leaves","detailed.seagrasses.strap.like.leaves.amphibolis.sp.","detailed.seagrasses.strap.like.leaves.amphibolis.sp.epiphytes","detailed.seagrasses.strap.like.leaves.posidonia.sp.","detailed.seagrasses.strap.like.leaves.posidonia.sp.epiphytes","detailed.seagrasses.strap.like.leaves.zostera.sp.","detailed.unconsolidated.sand.mud.2mm.","detailed.unconsolidated.sand.mud.2mm.coarse.sand.with.shell.fragments.","detailed.unconsolidated.sand.mud.2mm.fine.sand.no.shell.fragments.","detailed.total.points.annotated","campaignid","transect.id","latitude","longitude"
"PR_20150526_024929_398_FC16",0,0,14,0,1,0,0,0,0,0,0,0,1,0,0,3,0,0,2,0,0,0,0,3,24,"AUV2015","r20150526_024446_wa-gb-auv-01",-33.5731302,115.1924801
"PR_20150526_024950_407_FC16",0,0,8,0,0,0,0,0,0,1,0,0,1,0,0,0,0,0,2,0,0,0,13,0,25,"AUV2015","r20150526_024446_wa-gb-auv-01",-33.5731316,115.1927149
"PR_20150526_025011_416_FC16",0,0,0,0,0,0,0,0,0,0,0,0,0,0,0,0,0,0,0,0,0,0,7,0,7,"AUV2015","r20150526_024446_wa-gb-auv-01",-33.5731339,115.1929535
"PR_20150526_025021_920_FC16",0,0,0,0,0,0,0,0,0,0,0,0,0,0,0,0,0,0,0,0,0,0,0,2,2,"AUV2015","r20150526_024446_wa-gb-auv-01",-33.5731345,115.1930714
"PR_20150526_025238_468_FC16",0,0,0,0,0,0,0,0,0,0,0,0,0,0,0,0,1,0,0,0,0,0,0,24,25,"AUV2015","r20150526_024446_wa-gb-auv-01",-33.5731916,115.194636
"PR_20150526_025320_479_FC16",0,0,0,0,0,0,0,0,0,0,0,0,0,0,0,0,0,0,0,0,0,0,0,21,21,"AUV2015","r20150526_024446_wa-gb-auv-01",-33.5732047,115.195118
"PR_20150526_025505_517_FC16",0,0,0,0,0,0,0,0,0,0,0,0,0,0,0,0,0,0,0,0,0,0,0,5,5,"AUV2015","r20150526_024446_wa-gb-auv-01",-33.5729354,115.1960042
"PR_20150526_025526_523_FC16",0,0,0,0,0,0,0,0,0,0,0,0,0,0,0,0,0,0,0,0,0,0,0,4,4,"AUV2015","r20150526_024446_wa-gb-auv-01",-33.5727266,115.1960154
"PR_20150526_025547_529_FC16",0,0,0,0,0,0,0,0,0,0,0,0,0,0,0,0,0,0,0,0,0,0,0,8,8,"AUV2015","r20150526_024446_wa-gb-auv-01",-33.5725208,115.1960311
"PR_20150526_025608_535_FC16",0,0,0,0,0,0,0,0,0,0,0,0,0,0,0,0,0,0,0,0,0,0,0,10,10,"AUV2015","r20150526_024446_wa-gb-auv-01",-33.5723222,115.1960455
"PR_20150526_025629_541_FC16",0,0,0,0,0,0,0,0,0,0,0,0,0,0,0,0,0,0,0,0,0,0,0,10,10,"AUV2015","r20150526_024446_wa-gb-auv-01",-33.5722903,115.1958435
"PR_20150526_025650_549_FC16",0,0,0,0,0,0,0,0,0,0,0,0,0,0,0,0,8,0,0,0,0,0,0,6,14,"AUV2015","r20150526_024446_wa-gb-auv-01",-33.5722661,115.1955827
"PR_20150526_025711_556_FC16",0,0,0,0,0,0,0,0,0,0,0,0,0,0,0,0,0,0,0,0,0,0,4,1,5,"AUV2015","r20150526_024446_wa-gb-auv-01",-33.5722503,115.1953414
"PR_20150526_025732_563_FC16",0,0,0,0,0,0,0,0,0,0,0,0,0,0,0,0,0,0,0,0,0,0,0,7,7,"AUV2015","r20150526_024446_wa-gb-auv-01",-33.5722281,115.1951033
"PR_20150526_025753_573_FC16",0,0,0,0,0,0,0,0,0,5,0,0,0,0,0,0,0,0,1,0,0,0,12,0,18,"AUV2015","r20150526_024446_wa-gb-auv-01",-33.5722039,115.1948634
"PR_20150526_025814_583_FC16",0,0,0,0,6,0,0,0,0,0,0,0,0,0,0,0,0,0,0,0,0,0,0,2,8,"AUV2015","r20150526_024446_wa-gb-auv-01",-33.572183,115.1946225
"PR_20150526_025835_594_FC16",0,0,0,0,0,0,0,0,0,0,0,0,0,0,0,0,0,0,0,0,0,0,0,9,9,"AUV2015","r20150526_024446_wa-gb-auv-01",-33.5723112,115.1945745
"PR_20150526_025856_607_FC16",0,0,0,0,0,0,0,0,0,0,0,0,0,0,0,0,0,0,0,0,0,0,0,1,1,"AUV2015","r20150526_024446_wa-gb-auv-01",-33.5725179,115.1945792
"PR_20150526_025917_619_FC16",0,0,0,0,0,0,0,0,0,0,0,0,0,0,0,0,0,0,0,0,0,0,0,4,4,"AUV2015","r20150526_024446_wa-gb-auv-01",-33.572725,115.1945866
"PR_20150526_025938_631_FC16",0,0,0,0,0,0,0,0,0,0,0,0,0,0,0,0,0,0,0,0,0,0,0,4,4,"AUV2015","r20150526_024446_wa-gb-auv-01",-33.5729263,115.1945792
"PR_20150526_025949_136_FC16",0,0,0,0,0,0,0,0,0,0,0,0,0,0,0,0,0,0,0,0,0,0,0,15,15,"AUV2015","r20150526_024446_wa-gb-auv-01",-33.5730263,115.1945822
"PR_20150526_025959_641_FC16",0,0,0,0,0,0,0,0,0,0,0,0,0,0,0,0,1,0,3,0,0,0,11,10,25,"AUV2015","r20150526_024446_wa-gb-auv-01",-33.5731241,115.1945825
"PR_20150526_030020_650_FC16",0,0,0,0,0,0,0,0,0,3,0,0,0,0,0,0,2,0,5,0,0,0,0,15,25,"AUV2015","r20150526_024446_wa-gb-auv-01",-33.5733276,115.194581
"PR_20150526_030041_659_FC16",0,0,0,0,0,0,0,0,0,0,0,0,0,0,0,0,0,0,3,0,0,0,0,6,9,"AUV2015","r20150526_024446_wa-gb-auv-01",-33.5735367,115.194563
"PR_20150526_030102_669_FC16",0,0,0,0,0,0,0,0,0,0,0,0,0,0,0,0,1,0,8,0,0,0,0,16,25,"AUV2015","r20150526_024446_wa-gb-auv-01",-33.5737401,115.1945507
"PR_20150526_030123_681_FC16",0,0,0,0,0,0,0,0,0,0,0,0,0,0,0,0,0,0,5,0,0,0,0,15,20,"AUV2015","r20150526_024446_wa-gb-auv-01",-33.5739413,115.194538
"PR_20150526_030144_692_FC16",0,0,0,0,0,0,0,0,0,0,0,0,0,0,0,0,1,0,12,0,0,0,0,7,20,"AUV2015","r20150526_024446_wa-gb-auv-01",-33.5739937,115.1943845
"PR_20150526_030205_701_FC16",0,0,0,0,0,0,0,0,0,0,0,0,0,0,0,0,0,0,9,0,0,0,0,7,16,"AUV2015","r20150526_024446_wa-gb-auv-01",-33.5739597,115.1941302
"PR_20150526_030226_711_FC16",0,0,4,0,0,0,0,0,0,0,0,0,0,0,2,0,0,0,3,0,0,0,0,13,22,"AUV2015","r20150526_024446_wa-gb-auv-01",-33.5739204,115.1938805
"PR_20150526_030247_721_FC16",0,0,0,0,0,0,0,0,0,0,0,0,0,0,0,0,0,0,0,0,0,0,0,14,14,"AUV2015","r20150526_024446_wa-gb-auv-01",-33.5738901,115.1936437
"PR_20150526_030258_226_FC16",0,0,0,0,0,0,0,0,0,0,0,0,0,0,0,0,0,0,0,0,0,0,0,8,8,"AUV2015","r20150526_024446_wa-gb-auv-01",-33.5738725,115.193523
"PR_20150526_030308_730_FC16",0,0,0,0,0,0,0,0,0,0,0,0,0,0,0,0,0,0,0,0,0,0,7,0,7,"AUV2015","r20150526_024446_wa-gb-auv-01",-33.5738537,115.1934039
"PR_20150526_030329_737_FC16",0,0,0,0,0,0,0,0,0,0,0,0,0,0,0,0,0,0,0,0,0,0,2,3,5,"AUV2015","r20150526_024446_wa-gb-auv-01",-33.5738234,115.193168
"PR_20150526_030350_745_FC16",0,0,7,0,0,0,0,0,0,0,0,0,0,0,0,0,0,0,5,0,0,0,7,0,19,"AUV2015","r20150526_024446_wa-gb-auv-01",-33.5736904,115.1931319
"PR_20150526_030411_752_FC16",0,0,15,0,0,0,0,0,0,0,0,0,0,0,0,0,0,0,0,0,0,0,4,6,25,"AUV2015","r20150526_024446_wa-gb-auv-01",-33.5734866,115.1931617
"PR_20150526_030432_757_FC16",0,0,0,0,0,0,0,0,0,0,0,0,0,0,0,0,0,0,10,0,0,0,0,8,18,"AUV2015","r20150526_024446_wa-gb-auv-01",-33.5732842,115.1931987
"PR_20150526_030443_259_FC16",0,0,0,0,0,0,0,0,0,0,0,0,0,0,0,0,0,0,0,0,0,0,3,0,3,"AUV2015","r20150526_024446_wa-gb-auv-01",-33.5731834,115.1932148
"PR_20150526_030453_763_FC16",0,0,0,0,0,0,0,0,0,0,0,0,0,0,0,0,0,0,0,0,0,0,0,12,12,"AUV2015","r20150526_024446_wa-gb-auv-01",-33.5730837,115.1932307
"PR_20150526_030514_771_FC16",0,0,0,0,0,0,0,0,0,0,0,0,0,0,0,0,0,0,0,0,0,0,0,7,7,"AUV2015","r20150526_024446_wa-gb-auv-01",-33.5728871,115.1932682
"PR_20150526_030535_781_FC16",0,0,6,0,0,0,0,0,0,0,0,0,0,0,0,0,4,0,1,0,0,0,0,13,24,"AUV2015","r20150526_024446_wa-gb-auv-01",-33.5726836,115.193298
"PR_20150526_030556_793_FC16",0,0,0,10,0,0,0,0,0,0,0,0,0,0,0,0,0,0,0,0,0,0,0,0,10,"AUV2015","r20150526_024446_wa-gb-auv-01",-33.5724866,115.1933361
"PR_20150526_030617_803_FC16",0,0,0,0,0,0,0,0,0,0,0,0,0,0,0,0,0,0,0,0,0,0,11,7,18,"AUV2015","r20150526_024446_wa-gb-auv-01",-33.5722875,115.1933609
"PR_20150526_030638_813_FC16",0,0,1,0,0,0,0,0,0,0,0,0,0,0,0,0,0,0,9,0,0,0,0,15,25,"AUV2015","r20150526_024446_wa-gb-auv-01",-33.5720936,115.1933969
"PR_20150526_030659_823_FC16",0,0,1,0,0,0,0,0,0,0,0,0,0,0,0,0,0,0,12,0,0,0,0,6,19,"AUV2015","r20150526_024446_wa-gb-auv-01",-33.5719669,115.1933085
"PR_20150526_030720_830_FC16",0,0,0,0,0,0,0,0,0,0,0,0,0,0,0,0,0,0,0,0,0,0,0,14,14,"AUV2015","r20150526_024446_wa-gb-auv-01",-33.5719445,115.1930511
"PR_20150526_030741_835_FC16",0,0,0,0,0,0,0,0,0,0,0,0,0,0,0,0,0,0,0,0,0,0,14,11,25,"AUV2015","r20150526_024446_wa-gb-auv-01",-33.5719014,115.1928053
"PR_20150526_030802_845_FC16",0,0,0,0,0,0,0,0,0,0,0,0,0,0,0,0,2,0,6,0,0,0,13,3,24,"AUV2015","r20150526_024446_wa-gb-auv-01",-33.5718634,115.1925582
"PR_20150526_030823_853_FC16",0,0,0,0,0,0,0,0,0,0,0,0,0,0,0,0,0,0,1,0,0,0,14,10,25,"AUV2015","r20150526_024446_wa-gb-auv-01",-33.5718313,115.1923173
"PR_20150526_030844_860_FC16",0,0,0,0,0,0,0,0,0,0,0,0,0,0,0,0,0,0,0,0,0,0,18,7,25,"AUV2015","r20150526_024446_wa-gb-auv-01",-33.5717986,115.1920792
"PR_20150526_030905_869_FC16",0,0,0,0,0,0,0,0,0,0,0,0,0,0,0,0,0,0,0,0,0,0,9,16,25,"AUV2015","r20150526_024446_wa-gb-auv-01",-33.571847,115.1919109
"PR_20150526_030926_878_FC16",0,0,0,0,0,0,0,0,0,0,0,0,0,0,0,0,0,0,0,0,0,0,13,12,25,"AUV2015","r20150526_024446_wa-gb-auv-01",-33.5720422,115.1919427
"PR_20150526_030947_888_FC16",0,0,1,0,0,0,0,0,0,0,0,0,0,0,0,0,6,0,1,0,0,0,13,4,25,"AUV2015","r20150526_024446_wa-gb-auv-01",-33.5722559,115.1919443
"PR_20150526_031009_399_FC16",0,0,1,0,0,0,0,0,0,0,0,0,0,0,0,0,9,0,0,0,0,0,0,14,24,"AUV2015","r20150526_024446_wa-gb-auv-01",-33.5724684,115.1919385
"PR_20150526_031030_409_FC16",0,0,3,0,0,0,0,0,0,0,0,0,0,0,0,0,0,0,1,0,0,0,0,20,24,"AUV2015","r20150526_024446_wa-gb-auv-01",-33.572668,115.1919417
"PR_20150526_031051_419_FC16",0,0,0,0,0,0,0,0,0,0,0,0,0,0,0,0,3,0,0,0,0,0,1,9,13,"AUV2015","r20150526_024446_wa-gb-auv-01",-33.5728727,115.1919533
"PR_20150526_031112_429_FC16",0,0,2,0,0,0,0,0,0,1,0,0,0,0,0,0,0,0,12,0,0,0,0,10,25,"AUV2015","r20150526_024446_wa-gb-auv-01",-33.5730754,115.1919546
"PR_20150526_031133_438_FC16",0,0,0,0,0,0,0,0,0,0,0,0,0,0,0,0,0,0,0,0,0,0,0,20,20,"AUV2015","r20150526_024446_wa-gb-auv-01",-33.5732696,115.1919481
"PR_20150526_031154_448_FC16",0,0,0,0,0,0,0,0,0,0,0,0,0,0,1,0,0,0,0,0,0,0,0,10,11,"AUV2015","r20150526_024446_wa-gb-auv-01",-33.5734715,115.1919653
"PR_20150526_040614_617_FC16",0,0,0,0,0,0,0,0,0,0,0,0,0,0,0,0,0,0,0,0,0,0,1,6,7,"AUV2015","r20150526_035926_wa-gb-auv-02",-33.5930648,115.2129587
"PR_20150526_040635_628_FC16",0,0,9,0,0,0,0,0,0,0,0,0,0,0,0,0,0,0,0,0,0,0,0,0,9,"AUV2015","r20150526_035926_wa-gb-auv-02",-33.5930341,115.2126935
"PR_20150526_040656_639_FC16",0,0,23,0,0,0,0,0,0,0,0,0,0,0,0,0,0,0,0,0,0,0,0,1,24,"AUV2015","r20150526_035926_wa-gb-auv-02",-33.5930069,115.2124581
"PR_20150526_040717_651_FC16",0,0,20,0,0,0,0,0,0,0,0,0,0,0,0,0,0,0,0,0,0,0,0,2,22,"AUV2015","r20150526_035926_wa-gb-auv-02",-33.592981,115.21222
"PR_20150526_040728_157_FC16",0,0,0,0,0,0,0,0,0,0,0,0,0,0,0,0,0,0,0,0,0,0,0,4,4,"AUV2015","r20150526_035926_wa-gb-auv-02",-33.5929717,115.2121043
"PR_20150526_040749_168_FC16",0,0,20,0,0,0,4,0,0,0,0,0,0,0,0,0,0,0,0,0,0,0,0,0,24,"AUV2015","r20150526_035926_wa-gb-auv-02",-33.5929404,115.2118671
"PR_20150526_040810_181_FC16",0,0,3,0,0,0,0,0,0,0,0,0,0,0,0,0,0,0,0,0,0,0,0,7,10,"AUV2015","r20150526_035926_wa-gb-auv-02",-33.5929143,115.2116207
"PR_20150526_040820_689_FC16",0,0,9,0,0,0,0,0,0,0,0,0,0,0,0,0,0,0,0,0,0,0,0,7,16,"AUV2015","r20150526_035926_wa-gb-auv-02",-33.5928957,115.2114959
"PR_20150526_040841_703_FC16",0,0,0,0,0,0,0,0,0,0,0,0,0,0,1,0,0,0,0,0,0,0,0,18,19,"AUV2015","r20150526_035926_wa-gb-auv-02",-33.5928659,115.2112462
"PR_20150526_040902_717_FC16",0,0,0,0,0,0,0,0,0,0,0,0,0,0,0,0,15,0,0,0,0,0,0,9,24,"AUV2015","r20150526_035926_wa-gb-auv-02",-33.5928438,115.2110033
"PR_20150526_040913_224_FC16",0,0,1,0,0,0,0,0,0,0,0,0,0,0,0,0,8,0,0,0,0,0,0,15,24,"AUV2015","r20150526_035926_wa-gb-auv-02",-33.5928295,115.210883
"PR_20150526_040923_731_FC16",0,0,2,0,0,0,0,0,0,1,0,0,0,0,0,0,4,0,0,0,0,0,7,11,25,"AUV2015","r20150526_035926_wa-gb-auv-02",-33.5928167,115.2107614
"PR_20150526_040944_745_FC16",0,0,0,0,0,0,0,0,0,0,0,0,0,0,0,0,3,0,0,0,0,0,0,9,12,"AUV2015","r20150526_035926_wa-gb-auv-02",-33.5927925,115.2105227
"PR_20150526_041005_758_FC16",0,0,1,0,0,0,0,0,0,0,0,0,0,0,0,0,10,0,0,0,0,0,0,14,25,"AUV2015","r20150526_035926_wa-gb-auv-02",-33.5927689,115.2102854
"PR_20150526_041026_771_FC16",0,0,6,0,0,0,0,0,0,0,0,0,0,0,0,0,0,0,5,0,0,0,0,4,15,"AUV2015","r20150526_035926_wa-gb-auv-02",-33.5927429,115.2100462
"PR_20150526_050904_039_FC16",0,0,0,0,0,0,0,0,0,0,0,0,0,0,0,0,2,0,0,0,0,0,0,21,23,"AUV2015","r20150526_050219_wa-gb-auv-03",-33.5809796,115.2264484
"PR_20150526_050925_048_FC16",0,0,0,0,0,0,0,0,0,0,0,0,0,0,0,0,0,0,0,0,0,0,13,12,25,"AUV2015","r20150526_050219_wa-gb-auv-03",-33.5807867,115.2265147
"PR_20150526_050946_056_FC16",0,0,0,0,0,0,0,0,0,0,0,0,0,0,0,0,0,0,0,0,0,0,9,16,25,"AUV2015","r20150526_050219_wa-gb-auv-03",-33.5805956,115.2265805
"PR_20150526_051007_065_FC16",0,0,0,0,0,0,0,0,0,0,0,0,0,0,0,0,0,0,0,0,0,0,12,13,25,"AUV2015","r20150526_050219_wa-gb-auv-03",-33.5804071,115.226647
"PR_20150526_051028_075_FC16",0,0,0,0,0,0,0,0,0,2,0,0,0,0,0,0,0,0,0,0,0,0,14,8,24,"AUV2015","r20150526_050219_wa-gb-auv-03",-33.5802204,115.2267196
"PR_20150526_051049_085_FC16",0,0,0,0,0,0,0,2,0,0,0,0,0,0,0,0,0,0,10,0,0,0,0,11,23,"AUV2015","r20150526_050219_wa-gb-auv-03",-33.5800295,115.2267883
"PR_20150526_051110_096_FC16",0,0,0,0,0,0,0,0,0,0,0,0,0,0,0,0,0,0,0,0,0,0,8,17,25,"AUV2015","r20150526_050219_wa-gb-auv-03",-33.5798338,115.2268655
"PR_20150526_051131_106_FC16",0,0,0,0,0,0,0,0,0,0,0,0,0,0,0,0,0,0,0,0,0,0,11,14,25,"AUV2015","r20150526_050219_wa-gb-auv-03",-33.5796363,115.2269365
"PR_20150526_051152_116_FC16",0,0,0,0,0,0,0,0,0,0,0,0,0,0,0,0,0,0,0,0,0,0,18,6,24,"AUV2015","r20150526_050219_wa-gb-auv-03",-33.5794407,115.2270029
"PR_20150526_051213_127_FC16",0,0,0,0,0,0,0,0,0,0,0,0,0,0,0,0,0,0,0,0,0,0,11,14,25,"AUV2015","r20150526_050219_wa-gb-auv-03",-33.5792451,115.2270762
"PR_20150526_051234_136_FC16",0,0,0,0,0,0,0,0,0,0,0,0,0,0,0,0,0,0,0,0,0,0,18,7,25,"AUV2015","r20150526_050219_wa-gb-auv-03",-33.5790478,115.2271403
"PR_20150526_051255_145_FC16",0,0,0,0,0,0,0,0,0,0,0,0,0,0,0,0,0,0,0,0,0,0,18,7,25,"AUV2015","r20150526_050219_wa-gb-auv-03",-33.5788566,115.2272157
"PR_20150526_051316_155_FC16",0,0,0,0,0,0,0,0,0,0,0,0,0,0,0,0,0,0,0,0,0,0,13,11,24,"AUV2015","r20150526_050219_wa-gb-auv-03",-33.5786633,115.2272863
"PR_20150526_051337_165_FC16",0,0,0,0,0,0,0,0,0,0,0,0,0,0,0,0,0,0,0,0,0,0,13,12,25,"AUV2015","r20150526_050219_wa-gb-auv-03",-33.5784765,115.2273584
"PR_20150526_051358_175_FC16",0,0,0,0,0,0,0,0,0,0,0,0,0,0,0,0,0,0,0,0,0,0,17,8,25,"AUV2015","r20150526_050219_wa-gb-auv-03",-33.57828,115.2274272
"PR_20150526_051419_185_FC16",0,0,1,0,0,0,0,0,0,0,0,0,0,0,0,0,12,0,0,0,0,0,8,4,25,"AUV2015","r20150526_050219_wa-gb-auv-03",-33.5780798,115.2275035
"PR_20150526_051440_195_FC16",0,0,0,0,0,0,0,0,0,0,0,0,0,0,0,0,8,0,0,0,0,0,0,17,25,"AUV2015","r20150526_050219_wa-gb-auv-03",-33.5780169,115.2272927
"PR_20150526_051501_206_FC16",0,0,0,0,0,0,0,0,0,0,0,0,0,0,0,0,3,0,0,0,0,0,0,18,21,"AUV2015","r20150526_050219_wa-gb-auv-03",-33.5779465,115.2270447
"PR_20150526_051522_214_FC16",0,0,0,0,0,0,0,0,0,1,0,0,0,0,0,0,2,0,0,0,0,0,0,15,18,"AUV2015","r20150526_050219_wa-gb-auv-03",-33.5778783,115.2268094
"PR_20150526_051543_223_FC16",0,0,0,0,0,0,0,0,0,0,0,0,0,0,0,0,0,0,0,0,0,0,0,20,20,"AUV2015","r20150526_050219_wa-gb-auv-03",-33.5778093,115.2265792
"PR_20150526_051604_232_FC16",0,0,1,0,0,0,0,0,0,3,0,0,0,0,0,0,0,0,0,0,0,0,1,19,24,"AUV2015","r20150526_050219_wa-gb-auv-03",-33.5778171,115.2263935
"PR_20150526_051614_737_FC16",0,0,2,0,0,0,0,0,0,1,0,0,0,0,0,0,5,0,0,0,0,0,6,9,23,"AUV2015","r20150526_050219_wa-gb-auv-03",-33.5779106,115.2264174
"PR_20150526_051625_241_FC16",0,0,4,0,0,0,0,0,0,2,0,0,0,0,0,0,0,0,0,0,0,0,18,0,24,"AUV2015","r20150526_050219_wa-gb-auv-03",-33.5780169,115.2263825
"PR_20150526_051635_745_FC16",0,0,5,0,0,0,0,0,0,2,0,0,0,0,0,0,0,0,0,0,0,0,18,0,25,"AUV2015","r20150526_050219_wa-gb-auv-03",-33.578124,115.2263526
"PR_20150526_051646_250_FC16",0,0,0,0,0,0,0,0,0,1,0,0,0,0,0,0,0,0,0,0,0,0,7,17,25,"AUV2015","r20150526_050219_wa-gb-auv-03",-33.5782272,115.2263251
"PR_20150526_051707_258_FC16",0,0,0,0,0,0,0,0,0,0,0,0,0,0,0,0,0,0,0,0,0,0,14,11,25,"AUV2015","r20150526_050219_wa-gb-auv-03",-33.5784257,115.2262662
"PR_20150526_051728_268_FC16",0,0,0,0,0,0,0,0,0,0,0,0,0,0,0,0,0,0,0,0,0,0,10,15,25,"AUV2015","r20150526_050219_wa-gb-auv-03",-33.5786202,115.2262045
"PR_20150526_051749_279_FC16",0,0,0,0,0,0,0,0,0,0,0,0,0,0,0,0,0,0,0,0,0,0,5,20,25,"AUV2015","r20150526_050219_wa-gb-auv-03",-33.5788125,115.2261431
"PR_20150526_051810_289_FC16",0,0,0,0,0,0,0,0,0,0,0,0,0,0,0,0,0,0,0,0,0,0,0,25,25,"AUV2015","r20150526_050219_wa-gb-auv-03",-33.5790133,115.2260756
"PR_20150526_051831_300_FC16",0,0,0,0,0,0,0,0,0,0,0,0,0,0,0,0,0,0,0,0,0,0,0,25,25,"AUV2015","r20150526_050219_wa-gb-auv-03",-33.5791541,115.2261111
"PR_20150526_051852_312_FC16",0,0,0,0,0,0,0,0,0,0,0,0,0,0,0,0,1,0,0,0,0,0,1,22,24,"AUV2015","r20150526_050219_wa-gb-auv-03",-33.5791864,115.2263578
"PR_20150526_051902_818_FC16",0,0,0,0,0,0,0,0,0,0,0,0,0,0,0,0,0,0,0,0,0,0,7,15,22,"AUV2015","r20150526_050219_wa-gb-auv-03",-33.5792134,115.2264803
"PR_20150526_051913_324_FC16",0,0,0,0,0,0,0,0,0,0,0,0,0,0,0,0,0,0,0,0,0,0,16,9,25,"AUV2015","r20150526_050219_wa-gb-auv-03",-33.5792392,115.2266012
"PR_20150526_051934_334_FC16",0,0,0,0,0,0,0,0,0,0,0,0,0,0,0,0,0,0,0,0,0,0,0,17,17,"AUV2015","r20150526_050219_wa-gb-auv-03",-33.5792891,115.2268347
"PR_20150526_052304_434_FC16",0,0,0,0,0,0,0,0,0,0,0,0,0,0,0,0,0,0,0,0,0,0,9,15,24,"AUV2015","r20150526_050219_wa-gb-auv-03",-33.5804057,115.2279174
"PR_20150526_052325_448_FC16",0,0,0,0,0,0,0,0,0,0,0,0,0,0,0,0,0,0,0,0,0,0,23,2,25,"AUV2015","r20150526_050219_wa-gb-auv-03",-33.5805948,115.2278603
"PR_20150526_052346_462_FC16",0,0,0,0,0,0,0,0,0,0,0,0,0,0,0,0,0,0,0,0,0,0,15,6,21,"AUV2015","r20150526_050219_wa-gb-auv-03",-33.5807891,115.227806
"PR_20150526_052407_475_FC16",0,0,0,0,0,0,0,0,0,0,0,0,0,0,0,0,0,0,0,0,0,0,18,7,25,"AUV2015","r20150526_050219_wa-gb-auv-03",-33.5808964,115.2276821
"PR_20150526_052428_489_FC16",0,0,0,0,0,0,0,0,0,0,0,0,0,0,0,0,0,0,0,0,0,0,15,10,25,"AUV2015","r20150526_050219_wa-gb-auv-03",-33.5808123,115.2274504
"PR_20150526_052438_996_FC16",0,0,0,0,0,0,0,0,0,0,0,0,0,0,0,0,0,0,0,0,0,0,12,12,24,"AUV2015","r20150526_050219_wa-gb-auv-03",-33.5807793,115.2273335
"PR_20150526_052449_502_FC16",0,0,0,0,0,0,0,0,0,0,0,0,0,0,0,0,0,0,0,0,0,0,19,6,25,"AUV2015","r20150526_050219_wa-gb-auv-03",-33.5807478,115.2272192
"PR_20150526_052510_514_FC16",0,0,0,0,0,0,0,0,0,0,0,0,0,0,0,0,0,0,0,0,0,0,24,1,25,"AUV2015","r20150526_050219_wa-gb-auv-03",-33.5806807,115.2269927
"PR_20150526_052531_525_FC16",0,0,0,0,0,0,0,0,0,0,0,0,0,0,0,0,0,0,0,0,0,0,13,12,25,"AUV2015","r20150526_050219_wa-gb-auv-03",-33.5806134,115.2267688
"PR_20150526_052552_535_FC16",0,0,0,0,0,0,0,0,0,0,0,0,0,0,0,0,0,0,0,0,0,0,11,14,25,"AUV2015","r20150526_050219_wa-gb-auv-03",-33.5805484,115.2265462
"PR_20150526_052613_547_FC16",0,0,0,0,0,0,0,0,0,0,0,0,0,0,0,0,0,0,0,0,0,0,20,5,25,"AUV2015","r20150526_050219_wa-gb-auv-03",-33.5804813,115.22632
"PR_20150526_052634_561_FC16",0,0,0,0,0,0,0,0,0,0,0,0,0,0,0,0,0,0,0,0,0,0,16,9,25,"AUV2015","r20150526_050219_wa-gb-auv-03",-33.5804159,115.2260892
"PR_20150526_052655_575_FC16",0,0,0,0,0,0,0,0,0,0,0,0,0,0,0,0,0,0,0,0,0,0,5,18,23,"AUV2015","r20150526_050219_wa-gb-auv-03",-33.5803499,115.2258619
"PR_20150526_052716_591_FC16",0,0,0,0,0,0,0,0,0,0,0,0,0,0,0,0,0,0,0,0,0,0,3,22,25,"AUV2015","r20150526_050219_wa-gb-auv-03",-33.5803117,115.2256517
"PR_20150526_052727_099_FC16",0,0,0,0,0,0,0,0,0,0,0,0,0,0,0,0,0,0,0,0,0,0,5,18,23,"AUV2015","r20150526_050219_wa-gb-auv-03",-33.5803899,115.2256433
"PR_20150526_052737_607_FC16",0,0,0,0,0,0,0,0,0,0,0,0,0,0,0,0,0,0,0,0,0,0,15,10,25,"AUV2015","r20150526_050219_wa-gb-auv-03",-33.5804962,115.2256335
"PR_20150526_052758_622_FC16",0,0,0,0,0,0,0,0,0,0,0,0,0,0,0,0,0,0,0,0,0,0,21,4,25,"AUV2015","r20150526_050219_wa-gb-auv-03",-33.5807033,115.2255691
"PR_20150526_052819_636_FC16",0,0,0,0,0,0,0,0,0,0,0,0,0,0,0,0,0,0,0,0,0,0,25,0,25,"AUV2015","r20150526_050219_wa-gb-auv-03",-33.5809042,115.2255061
"PR_20150526_052841_149_FC16",0,0,0,0,0,0,0,0,0,0,0,0,0,0,0,0,0,0,0,0,0,0,18,7,25,"AUV2015","r20150526_050219_wa-gb-auv-03",-33.5811078,115.2254361
"PR_20150526_052902_162_FC16",0,0,0,0,0,0,0,0,0,0,0,0,0,0,0,0,0,0,0,0,0,0,19,5,24,"AUV2015","r20150526_050219_wa-gb-auv-03",-33.5813032,115.2253673
"PR_20150526_052923_175_FC16",0,0,0,0,0,0,0,0,0,0,0,0,0,0,0,0,0,0,0,0,0,0,3,16,19,"AUV2015","r20150526_050219_wa-gb-auv-03",-33.5815018,115.2253079
"PR_20150526_052944_190_FC16",0,0,0,0,0,0,0,0,0,0,0,0,0,0,0,0,0,0,0,0,0,0,9,16,25,"AUV2015","r20150526_050219_wa-gb-auv-03",-33.5816758,115.2252971
"PR_20150526_053005_204_FC16",0,0,0,0,0,0,0,0,0,0,0,0,0,0,0,0,0,0,0,0,0,0,19,6,25,"AUV2015","r20150526_050219_wa-gb-auv-03",-33.5816857,115.2255281
"PR_20150526_053026_217_FC16",0,0,0,0,0,0,0,0,0,0,0,0,0,0,0,0,0,0,0,0,0,0,24,1,25,"AUV2015","r20150526_050219_wa-gb-auv-03",-33.5817309,115.2257778
"PR_20150526_053047_231_FC16",0,0,0,0,0,0,0,0,0,0,0,0,0,0,0,0,0,0,0,0,0,0,14,10,24,"AUV2015","r20150526_050219_wa-gb-auv-03",-33.5817729,115.2260142
"PR_20150526_053108_246_FC16",0,0,0,0,0,0,0,0,0,0,0,0,0,0,0,0,0,0,0,0,0,0,3,9,12,"AUV2015","r20150526_050219_wa-gb-auv-03",-33.5818147,115.2262447
"PR_20150526_053129_759_FC16",0,0,0,0,0,0,0,0,0,0,0,0,0,0,0,0,0,0,0,0,0,0,3,10,13,"AUV2015","r20150526_050219_wa-gb-auv-03",-33.5818533,115.2264799
"PR_20150526_053150_770_FC16",0,0,0,0,0,0,0,0,0,0,0,0,0,0,0,0,4,0,0,0,0,0,17,4,25,"AUV2015","r20150526_050219_wa-gb-auv-03",-33.5818907,115.2267136
"PR_20150526_053211_785_FC16",0,0,0,0,0,0,0,0,0,0,0,0,0,0,0,0,0,0,0,0,0,0,21,4,25,"AUV2015","r20150526_050219_wa-gb-auv-03",-33.5819305,115.2269514
"PR_20150526_053232_800_FC16",0,0,0,0,0,0,0,0,0,0,0,0,0,0,0,0,0,0,0,0,0,0,18,7,25,"AUV2015","r20150526_050219_wa-gb-auv-03",-33.5819706,115.2271847
"PR_20150527_034347_981_FC16",0,0,0,0,0,0,0,0,0,0,0,0,0,0,0,0,0,0,0,0,0,1,0,0,1,"AUV2015","r20150527_034110_wa-gb-auv-06",-33.5173369,115.4165466
"PR_20150527_034419_489_FC16",0,0,0,0,0,0,0,0,0,0,0,0,0,0,0,0,15,0,0,0,0,0,0,0,15,"AUV2015","r20150527_034110_wa-gb-auv-06",-33.5175671,115.4163521
"PR_20150527_034429_991_FC16",0,0,0,0,0,0,0,0,0,0,0,0,0,0,0,0,0,0,0,0,0,0,0,7,7,"AUV2015","r20150527_034110_wa-gb-auv-06",-33.5176603,115.4162914
"PR_20150527_034450_998_FC16",0,0,0,0,0,0,0,0,0,0,0,0,0,0,0,0,10,0,0,0,0,0,0,1,11,"AUV2015","r20150527_034110_wa-gb-auv-06",-33.5178366,115.4161754
"PR_20150527_034512_003_FC16",0,0,0,0,0,0,0,0,0,0,0,0,0,0,0,0,10,0,0,0,0,0,0,0,10,"AUV2015","r20150527_034110_wa-gb-auv-06",-33.5180096,115.4160488
"PR_20150527_034533_008_FC16",0,0,0,0,0,0,0,0,0,0,0,0,0,0,0,0,0,0,0,0,0,0,0,4,4,"AUV2015","r20150527_034110_wa-gb-auv-06",-33.5181803,115.415916
"PR_20150527_034554_012_FC16",0,0,0,0,0,0,0,0,0,0,0,0,0,0,0,0,0,0,0,0,0,0,0,2,2,"AUV2015","r20150527_034110_wa-gb-auv-06",-33.5183595,115.4157928
"PR_20150527_034604_515_FC16",0,0,0,0,0,0,0,0,0,0,0,0,0,0,0,0,0,0,0,0,0,0,0,6,6,"AUV2015","r20150527_034110_wa-gb-auv-06",-33.5184557,115.4157428
"PR_20150527_034636_021_FC16",0,0,0,0,0,0,0,0,0,0,0,0,0,0,0,0,0,0,0,0,0,0,0,3,3,"AUV2015","r20150527_034110_wa-gb-auv-06",-33.5187368,115.4155629
"PR_20150527_034657_024_FC16",0,0,0,0,0,0,0,0,0,0,0,0,0,0,0,0,0,0,0,0,0,0,6,0,6,"AUV2015","r20150527_034110_wa-gb-auv-06",-33.5189288,115.4154433
"PR_20150527_034718_028_FC16",0,0,0,0,0,0,0,0,0,0,0,0,0,0,0,0,0,0,0,0,0,0,0,2,2,"AUV2015","r20150527_034110_wa-gb-auv-06",-33.5191161,115.4153289
"PR_20150527_034800_035_FC16",0,0,6,0,0,0,0,0,0,0,0,0,0,0,0,0,0,0,4,0,0,0,0,4,14,"AUV2015","r20150527_034110_wa-gb-auv-06",-33.519492,115.415078
"PR_20150527_034821_039_FC16",0,0,18,0,0,0,0,0,0,0,0,0,0,0,0,0,0,0,0,0,0,0,0,2,20,"AUV2015","r20150527_034110_wa-gb-auv-06",-33.5196845,115.4149645
"PR_20150527_034842_043_FC16",0,0,0,0,0,0,0,0,0,0,0,0,0,0,0,0,0,0,0,0,0,0,0,2,2,"AUV2015","r20150527_034110_wa-gb-auv-06",-33.5198634,115.4148468
"PR_20150527_034852_546_FC16",0,0,0,0,0,0,0,0,0,0,0,0,0,0,0,0,0,0,0,0,0,0,0,6,6,"AUV2015","r20150527_034110_wa-gb-auv-06",-33.5199545,115.4147867
"PR_20150527_034903_048_FC16",0,0,0,0,0,0,0,0,0,5,0,0,0,0,0,0,1,0,1,0,0,0,7,7,21,"AUV2015","r20150527_034110_wa-gb-auv-06",-33.5200463,115.4147279
"PR_20150527_034924_052_FC16",0,0,0,0,0,0,0,0,0,0,0,0,0,0,0,0,1,0,2,0,0,0,0,4,7,"AUV2015","r20150527_034110_wa-gb-auv-06",-33.5202247,115.4146055
"PR_20150527_034945_055_FC16",0,0,0,0,0,0,0,0,0,6,0,0,0,0,1,0,0,0,6,0,0,0,3,9,25,"AUV2015","r20150527_034110_wa-gb-auv-06",-33.5204064,115.4144833
"PR_20150527_035006_056_FC16",0,0,4,0,0,0,0,0,0,0,0,0,0,0,0,0,0,0,0,0,0,0,0,15,19,"AUV2015","r20150527_034110_wa-gb-auv-06",-33.5205809,115.4143684
"PR_20150527_060214_588_AC16",0,0,0,0,0,0,0,0,0,0,0,2,0,0,0,0,0,0,7,15,0,0,0,1,25,"AUV2015","r20150527_055625_wa-gb-auv-05",-33.5512193,115.3765165
"PR_20150527_060235_599_AC16",0,0,0,0,0,0,0,0,0,0,0,0,0,0,0,0,0,5,8,12,0,0,0,0,25,"AUV2015","r20150527_055625_wa-gb-auv-05",-33.5512935,115.3762875
"PR_20150527_060256_608_AC16",0,0,0,0,0,0,0,0,0,0,0,0,0,0,0,0,23,0,0,0,0,0,0,2,25,"AUV2015","r20150527_055625_wa-gb-auv-05",-33.5513629,115.3760597
"PR_20150527_060317_618_AC16",0,0,0,0,0,0,0,0,0,0,0,0,0,0,0,0,20,0,0,0,0,0,0,0,20,"AUV2015","r20150527_055625_wa-gb-auv-05",-33.5514532,115.3758376
"PR_20150527_060338_627_AC16",0,0,0,0,0,0,0,0,0,0,0,5,0,0,0,0,0,0,15,0,0,0,0,2,22,"AUV2015","r20150527_055625_wa-gb-auv-05",-33.5515304,115.3756185
"PR_20150527_060359_638_AC16",0,0,0,0,0,0,0,0,0,2,0,0,0,0,0,0,4,0,0,0,0,0,0,0,6,"AUV2015","r20150527_055625_wa-gb-auv-05",-33.5515982,115.3753937
"PR_20150527_060420_648_AC16",0,0,0,0,0,0,0,0,0,7,0,0,0,0,0,0,4,0,14,0,0,0,0,0,25,"AUV2015","r20150527_055625_wa-gb-auv-05",-33.5516641,115.3751685
"PR_20150527_060441_658_AC16",0,0,0,0,0,0,0,0,0,1,0,0,0,0,0,0,14,7,0,0,0,0,0,3,25,"AUV2015","r20150527_055625_wa-gb-auv-05",-33.5517542,115.3749465
"PR_20150527_060502_669_AC16",0,0,8,0,0,0,0,0,0,0,0,0,0,0,0,0,0,0,11,0,0,0,0,2,21,"AUV2015","r20150527_055625_wa-gb-auv-05",-33.5518246,115.3747222
"PR_20150527_060523_678_AC16",0,0,0,0,0,0,0,0,0,0,0,0,0,0,0,0,0,0,9,0,0,0,0,2,11,"AUV2015","r20150527_055625_wa-gb-auv-05",-33.551898,115.3745046
"PR_20150527_060534_183_AC16",0,0,0,0,0,0,0,0,0,3,0,0,0,0,0,0,0,0,0,22,0,0,0,0,25,"AUV2015","r20150527_055625_wa-gb-auv-05",-33.5519348,115.3743985
"PR_20150527_060605_700_AC16",0,0,0,0,0,0,0,0,0,8,0,0,0,0,0,0,4,0,1,1,0,0,0,6,20,"AUV2015","r20150527_055625_wa-gb-auv-05",-33.5520657,115.3741096
"PR_20150527_060626_713_AC16",0,0,0,0,0,0,0,0,0,0,0,0,0,0,0,0,0,2,3,0,0,0,0,0,5,"AUV2015","r20150527_055625_wa-gb-auv-05",-33.5522268,115.3742169
"PR_20150527_060647_725_AC16",0,0,0,0,3,0,0,0,0,0,0,0,0,0,0,0,0,0,1,14,0,0,0,0,18,"AUV2015","r20150527_055625_wa-gb-auv-05",-33.5523985,115.3743299
"PR_20150527_060708_736_AC16",0,0,0,0,3,0,0,0,0,0,0,0,0,0,0,0,0,0,4,0,0,0,0,12,19,"AUV2015","r20150527_055625_wa-gb-auv-05",-33.5525702,115.3744398
"PR_20150527_060729_745_AC16",0,0,0,0,0,0,0,0,0,0,0,3,0,0,0,0,0,0,0,21,0,0,0,1,25,"AUV2015","r20150527_055625_wa-gb-auv-05",-33.5527369,115.3745524
"PR_20150527_060750_754_AC16",0,0,0,0,0,0,0,0,0,0,0,1,0,0,0,0,1,0,0,22,0,0,0,1,25,"AUV2015","r20150527_055625_wa-gb-auv-05",-33.5528308,115.3746906
"PR_20150527_060811_764_AC16",0,0,0,0,3,0,0,0,0,0,0,0,0,0,0,0,0,0,20,0,0,0,0,2,25,"AUV2015","r20150527_055625_wa-gb-auv-05",-33.5527348,115.3748957
"PR_20150527_060832_774_AC16",0,0,4,0,0,0,0,0,0,0,0,0,0,0,0,0,0,0,0,0,0,0,0,9,13,"AUV2015","r20150527_055625_wa-gb-auv-05",-33.5526441,115.3751093
"PR_20150527_060853_783_AC16",0,0,0,0,22,0,0,0,0,0,0,0,0,0,0,0,0,0,0,0,0,0,0,3,25,"AUV2015","r20150527_055625_wa-gb-auv-05",-33.5525615,115.3753139
"PR_20150527_060914_791_AC16",0,0,0,0,0,0,0,0,0,4,0,0,0,0,0,0,0,0,19,0,0,0,0,1,24,"AUV2015","r20150527_055625_wa-gb-auv-05",-33.5524788,115.3755219
"PR_20150527_060935_799_AC16",0,0,0,0,0,0,0,0,0,0,0,2,0,0,0,0,5,0,15,0,0,0,0,3,25,"AUV2015","r20150527_055625_wa-gb-auv-05",-33.552409,115.3757185
"PR_20150527_060956_808_AC16",0,0,0,0,0,0,0,0,0,0,0,0,0,0,0,0,0,0,4,0,0,0,0,12,16,"AUV2015","r20150527_055625_wa-gb-auv-05",-33.5523099,115.3758795
"PR_20150527_061017_816_AC16",0,0,0,0,0,0,0,0,0,0,0,0,0,0,0,0,0,0,10,0,0,0,0,4,14,"AUV2015","r20150527_055625_wa-gb-auv-05",-33.5521423,115.3757811
"PR_20150527_061028_321_AC16",0,0,4,0,0,0,0,0,0,0,0,0,0,0,0,0,0,0,20,0,0,0,0,1,25,"AUV2015","r20150527_055625_wa-gb-auv-05",-33.5520461,115.3757395
"PR_20150527_061049_330_AC16",0,0,0,0,0,0,0,0,0,0,0,0,0,0,0,0,5,0,15,0,0,0,0,0,20,"AUV2015","r20150527_055625_wa-gb-auv-05",-33.5518574,115.3756475
"PR_20150527_061244_876_AC16",0,0,0,0,0,0,0,0,0,0,0,0,0,0,0,0,0,0,0,24,0,0,0,1,25,"AUV2015","r20150527_055625_wa-gb-auv-05",-33.5508462,115.3752006
"PR_20150527_061305_881_AC16",0,0,0,0,0,0,0,0,0,0,0,2,0,0,0,0,12,11,0,0,0,0,0,0,25,"AUV2015","r20150527_055625_wa-gb-auv-05",-33.5506632,115.3751278
"PR_20150527_061326_886_AC16",0,0,0,0,0,0,0,0,0,0,0,2,0,0,0,0,0,21,0,0,0,0,0,2,25,"AUV2015","r20150527_055625_wa-gb-auv-05",-33.5505933,115.3752973
"PR_20150527_061347_893_AC16",0,0,0,0,0,0,0,0,0,7,0,0,0,0,0,0,17,0,0,0,0,0,0,1,25,"AUV2015","r20150527_055625_wa-gb-auv-05",-33.5504877,115.3755008
"PR_20150527_061358_398_AC16",0,0,0,0,0,0,0,0,0,0,0,0,0,0,0,0,0,0,17,0,0,0,0,2,19,"AUV2015","r20150527_055625_wa-gb-auv-05",-33.5504489,115.3756057
"PR_20150527_072422_807_AC16",0,0,0,0,0,0,0,0,0,0,0,0,0,0,0,0,0,0,0,0,0,0,0,1,1,"AUV2015","r20150527_072129_wa-gb-auv-04",-33.5945166,115.2472679
"PR_20150527_081915_203_AC16",0,0,0,0,0,0,0,0,0,0,0,0,0,0,0,0,0,0,0,0,0,0,0,4,4,"AUV2015","r20150527_081513_wa-gb-auv-02-exp",-33.5931181,115.2130087
"PR_20150527_081936_205_AC16",0,0,14,0,0,0,0,0,0,0,0,0,0,0,0,0,0,0,0,0,0,0,0,0,14,"AUV2015","r20150527_081513_wa-gb-auv-02-exp",-33.5930852,115.2127571
"PR_20150527_081957_207_AC16",0,0,0,0,0,0,0,0,0,0,0,0,0,0,0,0,0,0,0,0,0,0,0,1,1,"AUV2015","r20150527_081513_wa-gb-auv-02-exp",-33.5930459,115.2125247
"PR_20150527_082203_220_AC16",0,0,0,0,0,0,0,0,0,0,0,0,0,0,0,0,6,0,0,0,0,0,9,4,19,"AUV2015","r20150527_081513_wa-gb-auv-02-exp",-33.5928497,115.2111473
"PR_20150527_082224_224_AC16",0,0,0,0,0,0,0,0,0,0,0,0,0,0,0,0,8,0,0,0,0,0,3,12,23,"AUV2015","r20150527_081513_wa-gb-auv-02-exp",-33.5928323,115.210917
"PR_20150527_082245_227_AC16",0,0,0,0,0,0,0,0,0,0,0,0,0,0,0,0,4,0,0,0,0,0,2,0,6,"AUV2015","r20150527_081513_wa-gb-auv-02-exp",-33.5928118,115.210693
"PR_20150527_082306_229_AC16",0,0,0,0,0,0,0,0,0,0,0,0,0,0,0,0,0,0,0,0,0,0,11,12,23,"AUV2015","r20150527_081513_wa-gb-auv-02-exp",-33.5927982,115.2104721
"PR_20150527_082327_232_AC16",0,0,7,0,0,0,0,0,0,0,0,0,0,0,0,0,0,0,0,0,0,0,0,0,7,"AUV2015","r20150527_081513_wa-gb-auv-02-exp",-33.5927833,115.2102407
"PR_20150527_082348_236_AC16",0,0,0,0,0,0,0,0,0,0,0,0,0,0,0,0,0,0,0,0,0,0,0,4,4,"AUV2015","r20150527_081513_wa-gb-auv-02-exp",-33.5927596,115.2100038
"PR_20150527_082409_237_AC16",0,0,12,0,0,0,0,0,0,0,0,0,0,0,0,0,0,0,0,0,0,0,0,0,12,"AUV2015","r20150527_081513_wa-gb-auv-02-exp",-33.5927393,115.2097792
"PR_20150527_082430_237_AC16",0,0,0,0,0,0,0,0,0,0,0,0,0,0,0,0,0,0,0,0,0,0,0,4,4,"AUV2015","r20150527_081513_wa-gb-auv-02-exp",-33.5927115,115.2095718
"PR_20150527_082512_241_AC16",0,0,0,0,0,0,0,0,0,6,0,0,0,0,0,0,8,0,0,0,0,0,0,7,21,"AUV2015","r20150527_081513_wa-gb-auv-02-exp",-33.5928025,115.2092953
"PR_20150527_082533_244_AC16",0,0,21,0,0,4,0,0,0,0,0,0,0,0,0,0,0,0,0,0,0,0,0,0,25,"AUV2015","r20150527_081513_wa-gb-auv-02-exp",-33.5930403,115.2092701
"PR_20150527_082615_251_AC16",0,0,0,0,0,0,0,0,0,0,0,0,0,0,1,0,5,0,0,0,0,0,4,11,21,"AUV2015","r20150527_081513_wa-gb-auv-02-exp",-33.5934676,115.2092795
"PR_20150527_082646_756_AC16",0,0,1,0,0,0,0,0,0,8,0,0,0,0,0,0,0,0,0,0,0,0,11,1,21,"AUV2015","r20150527_081513_wa-gb-auv-02-exp",-33.5936208,115.209433
"PR_20150527_082657_257_AC16",0,0,0,0,0,0,0,0,0,0,0,0,0,0,0,0,1,0,0,0,0,0,2,13,16,"AUV2015","r20150527_081513_wa-gb-auv-02-exp",-33.5936126,115.209557
"PR_20150527_082800_265_AC16",0,0,5,0,0,0,0,0,0,0,0,0,0,0,0,0,0,0,0,0,0,0,0,4,9,"AUV2015","r20150527_081513_wa-gb-auv-02-exp",-33.5935629,115.2102685
"PR_20150527_082821_266_AC16",0,0,12,0,0,0,0,0,0,0,0,0,0,0,0,0,0,0,0,0,0,0,0,0,12,"AUV2015","r20150527_081513_wa-gb-auv-02-exp",-33.593545,115.2104986
"PR_20150527_082842_267_AC16",0,0,0,0,0,0,0,0,0,0,0,0,0,0,0,0,0,0,0,0,0,0,3,10,13,"AUV2015","r20150527_081513_wa-gb-auv-02-exp",-33.5935257,115.2107262
"PR_20150527_082903_268_AC16",0,0,0,0,0,0,0,0,0,0,0,0,0,0,0,0,0,0,0,0,0,0,0,9,9,"AUV2015","r20150527_081513_wa-gb-auv-02-exp",-33.5933644,115.2107426
"PR_20150527_082924_267_AC16",0,0,0,0,0,0,0,0,0,0,0,0,0,0,1,0,0,0,0,0,0,0,9,0,10,"AUV2015","r20150527_081513_wa-gb-auv-02-exp",-33.593174,115.2107662
"PR_20150527_082945_268_AC16",0,0,0,0,0,0,0,0,0,0,0,0,0,0,0,0,4,0,0,0,0,0,9,12,25,"AUV2015","r20150527_081513_wa-gb-auv-02-exp",-33.5929894,115.210787
"PR_20150527_083006_269_AC16",0,0,2,0,0,0,0,0,0,0,0,0,0,0,0,0,16,0,0,0,0,0,3,4,25,"AUV2015","r20150527_081513_wa-gb-auv-02-exp",-33.5928043,115.2108051
"PR_20150527_083027_271_AC16",0,0,20,0,0,0,0,0,0,0,0,0,0,0,0,0,0,0,0,0,0,0,2,0,22,"AUV2015","r20150527_081513_wa-gb-auv-02-exp",-33.5926194,115.2108311
"PR_20150527_083151_280_AC16",0,0,0,0,0,0,0,0,0,0,0,0,0,0,0,0,0,0,0,0,0,0,11,14,25,"AUV2015","r20150527_081513_wa-gb-auv-02-exp",-33.59191,115.2108549
"PR_20150527_083212_283_AC16",0,0,0,0,0,0,0,0,0,0,0,0,0,0,0,0,0,0,0,0,0,0,8,17,25,"AUV2015","r20150527_081513_wa-gb-auv-02-exp",-33.5918593,115.2110457
"PR_20150527_083233_287_AC16",0,0,0,0,0,0,0,0,0,0,0,0,0,0,0,0,0,0,0,0,0,0,17,8,25,"AUV2015","r20150527_081513_wa-gb-auv-02-exp",-33.5918336,115.2112946
"PR_20150527_083254_290_AC16",0,0,0,0,0,0,0,0,0,0,0,0,0,0,0,0,9,0,0,0,0,0,11,3,23,"AUV2015","r20150527_081513_wa-gb-auv-02-exp",-33.5918158,115.2115373
"PR_20150527_083315_293_AC16",0,0,0,0,0,0,0,0,0,0,0,0,0,0,0,0,0,0,0,0,0,0,13,12,25,"AUV2015","r20150527_081513_wa-gb-auv-02-exp",-33.5917932,115.2117789
"PR_20150527_083336_296_AC16",0,0,0,0,0,0,0,0,0,0,1,0,0,0,0,0,16,0,0,0,0,0,8,0,25,"AUV2015","r20150527_081513_wa-gb-auv-02-exp",-33.5917743,115.2120158
"PR_20150527_083346_797_AC16",0,0,0,0,0,0,0,0,0,0,2,0,0,0,0,0,15,0,0,0,0,0,8,0,25,"AUV2015","r20150527_081513_wa-gb-auv-02-exp",-33.5917635,115.2121359
"PR_20150527_083357_298_AC16",0,0,0,0,0,0,0,0,0,0,0,0,0,0,0,0,0,0,0,0,0,0,14,9,23,"AUV2015","r20150527_081513_wa-gb-auv-02-exp",-33.5917587,115.2122535
"PR_20150527_083500_310_AC16",0,0,5,0,0,0,0,0,0,0,0,0,0,0,0,0,0,0,0,0,0,0,0,0,5,"AUV2015","r20150527_081513_wa-gb-auv-02-exp",-33.5923917,115.2123018
"PR_20150527_083624_327_AC16",0,0,0,0,0,0,0,0,0,0,0,0,0,0,0,0,0,0,0,0,0,0,0,10,10,"AUV2015","r20150527_081513_wa-gb-auv-02-exp",-33.5932372,115.2122404
"PR_20150527_083645_335_AC16",0,0,0,0,0,0,0,0,0,0,0,0,0,0,0,0,18,0,0,0,0,0,7,0,25,"AUV2015","r20150527_081513_wa-gb-auv-02-exp",-33.5934426,115.2122588
"PR_20150527_083706_343_AC16",0,0,1,0,0,0,0,0,0,0,0,0,0,0,0,0,6,0,0,0,0,0,12,0,19,"AUV2015","r20150527_081513_wa-gb-auv-02-exp",-33.5936512,115.212274
"PR_20150527_083727_349_AC16",0,0,19,0,0,0,0,0,0,1,0,0,0,0,0,0,0,0,0,0,0,0,0,2,22,"AUV2015","r20150527_081513_wa-gb-auv-02-exp",-33.5936594,115.2124338
"PR_20150527_083748_355_AC16",0,0,0,0,0,0,0,0,0,0,0,0,0,0,0,0,0,0,0,0,0,0,8,17,25,"AUV2015","r20150527_081513_wa-gb-auv-02-exp",-33.5936291,115.2126787
"PR_20150527_083809_358_AC16",0,0,0,0,0,0,0,0,0,5,0,0,0,0,0,0,2,0,0,0,0,0,5,13,25,"AUV2015","r20150527_081513_wa-gb-auv-02-exp",-33.5936019,115.2129173
"PR_20150527_083830_361_AC16",0,0,0,0,0,0,0,0,0,0,0,1,0,0,0,0,8,0,0,0,0,0,15,0,24,"AUV2015","r20150527_081513_wa-gb-auv-02-exp",-33.5935813,115.2131553
"PR_20150527_083851_363_AC16",0,0,0,0,0,0,0,0,0,0,0,0,0,0,0,0,0,0,0,0,0,0,0,2,2,"AUV2015","r20150527_081513_wa-gb-auv-02-exp",-33.5935595,115.2133907
"PR_20150527_083912_366_AC16",0,0,0,0,0,0,0,0,0,0,0,0,0,0,0,0,8,0,0,0,0,0,11,0,19,"AUV2015","r20150527_081513_wa-gb-auv-02-exp",-33.593528,115.2136403
"PR_20150527_083933_369_AC16",0,0,20,0,0,0,0,0,0,0,0,0,0,0,0,0,0,0,0,0,0,0,0,3,23,"AUV2015","r20150527_081513_wa-gb-auv-02-exp",-33.5934141,115.2137218
"PR_20150527_083954_374_AC16",0,0,0,0,0,0,0,0,0,0,0,0,0,0,0,0,0,0,0,0,0,0,7,0,7,"AUV2015","r20150527_081513_wa-gb-auv-02-exp",-33.5932268,115.2137248
"PR_20150527_084015_379_AC16",0,0,0,0,0,0,0,0,0,0,0,0,0,0,0,0,9,0,0,0,0,0,4,0,13,"AUV2015","r20150527_081513_wa-gb-auv-02-exp",-33.5930447,115.2137298
"PR_20150527_084036_385_AC16",0,0,19,0,0,0,0,0,0,0,0,0,0,0,0,0,0,0,0,0,0,0,6,0,25,"AUV2015","r20150527_081513_wa-gb-auv-02-exp",-33.5928602,115.2137312
"PR_20150527_084057_390_AC16",0,0,17,0,0,0,0,0,0,0,0,0,0,0,0,0,0,0,0,0,0,0,0,2,19,"AUV2015","r20150527_081513_wa-gb-auv-02-exp",-33.5926749,115.2137338
"PR_20150527_084118_396_AC16",0,0,0,0,0,0,0,0,0,0,0,0,0,0,0,0,0,0,0,0,0,0,1,2,3,"AUV2015","r20150527_081513_wa-gb-auv-02-exp",-33.5924915,115.2137145
"PR_20150527_084139_401_AC16",0,0,0,0,0,0,0,0,0,0,0,0,0,0,0,0,0,0,0,0,0,0,0,3,3,"AUV2015","r20150527_081513_wa-gb-auv-02-exp",-33.5923057,115.2137128
"PR_20150527_084200_407_AC16",0,0,0,0,0,0,0,0,0,0,0,0,0,0,0,0,0,0,0,0,0,0,1,0,1,"AUV2015","r20150527_081513_wa-gb-auv-02-exp",-33.5921227,115.2137072
"PR_20150527_084221_414_AC16",0,0,0,0,0,0,0,0,0,0,0,0,0,0,0,0,0,0,0,0,0,0,3,0,3,"AUV2015","r20150527_081513_wa-gb-auv-02-exp",-33.5919438,115.2137166
"PR_20150527_084242_420_AC16",0,0,0,0,0,0,0,0,0,0,0,0,0,0,0,0,5,0,0,0,0,0,3,0,8,"AUV2015","r20150527_081513_wa-gb-auv-02-exp",-33.5918306,115.2136254
"PR_20150527_084303_425_AC16",0,0,0,0,0,0,0,0,0,0,0,0,0,0,0,0,0,0,0,0,0,0,0,1,1,"AUV2015","r20150527_081513_wa-gb-auv-02-exp",-33.5919955,115.213581
"PR_20150527_084313_927_AC16",0,0,0,0,0,0,0,0,0,0,0,0,0,0,5,0,0,0,0,0,0,0,9,3,17,"AUV2015","r20150527_081513_wa-gb-auv-02-exp",-33.5921167,115.2135609
"PR_20150527_084324_430_AC16",0,0,0,0,0,0,0,0,0,1,0,0,0,0,0,0,0,0,0,0,0,0,6,0,7,"AUV2015","r20150527_081513_wa-gb-auv-02-exp",-33.5922311,115.2135504
"PR_20150527_084345_434_AC16",0,0,0,0,0,0,0,0,0,0,0,0,0,0,0,0,0,0,0,0,0,0,2,0,2,"AUV2015","r20150527_081513_wa-gb-auv-02-exp",-33.5922854,115.2136739
"PR_20150527_084406_439_AC16",0,0,11,0,0,0,0,0,0,0,0,0,0,0,0,0,0,0,0,0,0,0,3,0,14,"AUV2015","r20150527_081513_wa-gb-auv-02-exp",-33.5921049,115.213689
"PR_20150527_084427_443_AC16",0,0,5,0,0,0,0,0,0,0,0,0,0,0,0,0,0,0,0,0,0,0,5,0,10,"AUV2015","r20150527_081513_wa-gb-auv-02-exp",-33.5919091,115.2136981
"PR_20150527_084448_449_AC16",0,0,0,0,0,0,0,0,0,0,0,0,0,0,0,0,0,0,0,0,0,0,25,0,25,"AUV2015","r20150527_081513_wa-gb-auv-02-exp",-33.5917482,115.2136683
"PR_20150527_084509_455_AC16",0,0,0,0,0,0,0,0,0,10,0,0,0,0,0,0,4,0,0,0,0,0,11,0,25,"AUV2015","r20150527_081513_wa-gb-auv-02-exp",-33.5918955,115.2135885
"PR_20150527_084530_461_AC16",5,0,7,0,0,0,0,0,0,0,0,0,0,0,0,0,0,0,0,0,0,0,0,1,13,"AUV2015","r20150527_081513_wa-gb-auv-02-exp",-33.592134,115.2135936
"PR_20150527_084551_468_AC16",0,0,0,0,0,0,0,0,0,2,0,0,0,0,0,0,22,0,0,0,0,0,0,1,25,"AUV2015","r20150527_081513_wa-gb-auv-02-exp",-33.592357,115.2135955
"PR_20150527_084612_474_AC16",0,0,0,0,0,0,0,0,0,0,10,0,1,0,0,0,11,0,0,0,0,0,3,0,25,"AUV2015","r20150527_081513_wa-gb-auv-02-exp",-33.5924589,115.2137091
"PR_20150527_084633_478_AC16",0,0,1,0,0,0,0,0,0,0,0,0,0,0,0,0,0,0,0,0,0,0,0,1,2,"AUV2015","r20150527_081513_wa-gb-auv-02-exp",-33.5922996,115.2137469
"PR_20150527_084654_480_AC16",0,0,0,0,0,0,0,0,0,0,0,0,0,0,0,0,7,0,0,0,0,0,5,0,12,"AUV2015","r20150527_081513_wa-gb-auv-02-exp",-33.5921115,115.2137682
"PR_20150527_084715_484_AC16",0,0,0,0,0,0,0,0,0,0,0,0,0,0,0,0,0,0,0,0,0,0,8,17,25,"AUV2015","r20150527_081513_wa-gb-auv-02-exp",-33.5919239,115.2137924
"PR_20150527_084725_986_AC16",0,0,0,0,0,0,0,0,0,0,0,0,0,0,0,0,0,0,0,0,0,0,22,3,25,"AUV2015","r20150527_081513_wa-gb-auv-02-exp",-33.5918307,115.2138058
"PR_20150528_013141_693_AC16",0,0,0,0,0,0,0,0,0,0,0,0,0,0,0,0,0,0,0,0,0,0,2,23,25,"AUV2015","r20150528_011128_wa-gb-auv-10b",-33.4216465,115.3692389
"PR_20150528_013152_190_AC16",0,0,0,0,0,0,0,0,0,0,0,0,0,0,0,0,0,0,7,0,0,0,0,18,25,"AUV2015","r20150528_011128_wa-gb-auv-10b",-33.4215474,115.3692523
"PR_20150528_013202_687_AC16",0,0,0,0,0,0,0,0,0,0,0,0,0,0,0,0,0,0,2,0,0,0,0,23,25,"AUV2015","r20150528_011128_wa-gb-auv-10b",-33.4214537,115.3692779
"PR_20150528_013223_683_AC16",0,0,0,0,0,0,0,0,0,0,0,0,0,0,0,0,0,0,0,0,0,0,25,0,25,"AUV2015","r20150528_011128_wa-gb-auv-10b",-33.4212603,115.3693266
"PR_20150528_013234_181_AC16",0,0,0,0,0,0,0,0,0,0,0,0,0,0,0,0,0,0,0,0,0,0,18,7,25,"AUV2015","r20150528_011128_wa-gb-auv-10b",-33.421164,115.3693394
"PR_20150528_013244_678_AC16",0,0,0,0,0,0,0,0,0,0,0,0,0,0,0,0,0,0,0,0,0,0,16,9,25,"AUV2015","r20150528_011128_wa-gb-auv-10b",-33.4210698,115.3693753
"PR_20150528_013255_176_AC16",0,0,0,0,0,0,0,0,0,0,0,0,0,0,0,0,0,0,0,0,0,0,11,14,25,"AUV2015","r20150528_011128_wa-gb-auv-10b",-33.4209793,115.3693902
"PR_20150528_013305_673_AC16",0,0,0,0,0,0,0,0,0,0,0,0,0,0,0,0,0,0,0,0,0,0,24,1,25,"AUV2015","r20150528_011128_wa-gb-auv-10b",-33.4208821,115.3694053
"PR_20150528_013326_666_AC16",0,0,0,0,0,0,0,0,0,0,0,0,0,0,0,0,0,0,0,0,0,0,20,5,25,"AUV2015","r20150528_011128_wa-gb-auv-10b",-33.4206929,115.3694397
"PR_20150528_013337_162_AC16",0,0,0,0,0,0,0,0,0,0,0,0,0,0,0,0,0,0,0,0,0,0,15,10,25,"AUV2015","r20150528_011128_wa-gb-auv-10b",-33.4206019,115.3694732
"PR_20150528_013347_660_AC16",0,0,0,0,0,0,0,0,0,0,0,0,0,0,0,0,0,0,0,0,0,0,11,14,25,"AUV2015","r20150528_011128_wa-gb-auv-10b",-33.4205077,115.369483
"PR_20150528_013408_652_AC16",0,0,0,0,0,0,0,0,0,0,0,0,0,0,0,0,0,0,0,0,0,0,10,15,25,"AUV2015","r20150528_011128_wa-gb-auv-10b",-33.4203205,115.3695293
"PR_20150528_013419_148_AC16",0,0,0,0,0,0,0,0,0,0,0,0,0,0,0,0,0,0,0,0,0,0,25,0,25,"AUV2015","r20150528_011128_wa-gb-auv-10b",-33.4202318,115.3695374
"PR_20150528_013429_645_AC16",0,0,0,0,0,0,0,0,0,0,0,0,0,0,0,0,0,0,0,0,0,0,12,13,25,"AUV2015","r20150528_011128_wa-gb-auv-10b",-33.4202067,115.3694619
"PR_20150528_013440_143_AC16",0,0,0,0,0,0,0,0,0,0,0,0,0,0,0,0,0,0,0,0,0,0,0,25,25,"AUV2015","r20150528_011128_wa-gb-auv-10b",-33.4201893,115.3693412
"PR_20150528_013450_641_AC16",0,0,0,0,0,0,0,0,0,0,0,0,0,0,0,0,0,0,0,0,0,0,16,9,25,"AUV2015","r20150528_011128_wa-gb-auv-10b",-33.4201672,115.3692236
"PR_20150528_013501_139_AC16",0,0,0,0,0,0,0,0,0,0,0,0,0,0,0,0,0,0,0,0,0,0,25,0,25,"AUV2015","r20150528_011128_wa-gb-auv-10b",-33.4201384,115.3691025
"PR_20150528_013511_636_AC16",0,0,0,0,0,0,0,0,0,0,0,0,0,0,0,0,0,0,0,0,0,0,0,25,25,"AUV2015","r20150528_011128_wa-gb-auv-10b",-33.4201141,115.3689867
"PR_20150528_013532_630_AC16",0,0,0,0,0,0,0,0,0,0,0,0,0,0,0,0,0,0,0,0,0,0,18,7,25,"AUV2015","r20150528_011128_wa-gb-auv-10b",-33.4200712,115.3687615
"PR_20150528_013543_127_AC16",0,0,0,0,0,0,0,0,0,0,0,0,0,0,0,0,0,0,0,0,1,0,2,22,25,"AUV2015","r20150528_011128_wa-gb-auv-10b",-33.42005,115.3686521
"PR_20150528_013553_625_AC16",0,0,0,0,0,0,0,0,0,0,0,0,0,0,0,0,0,0,0,0,0,0,19,6,25,"AUV2015","r20150528_011128_wa-gb-auv-10b",-33.4200264,115.3685379
"PR_20150528_013604_123_AC16",0,0,0,0,0,0,0,0,0,0,0,0,0,0,0,0,0,0,0,0,0,0,12,13,25,"AUV2015","r20150528_011128_wa-gb-auv-10b",-33.4200022,115.368426
"PR_20150528_013614_622_AC16",0,0,0,0,0,0,0,0,0,0,0,0,0,0,0,0,0,0,0,0,0,0,1,10,11,"AUV2015","r20150528_011128_wa-gb-auv-10b",-33.4199809,115.36831
"PR_20150528_013625_120_AC16",0,0,0,0,0,0,0,0,0,0,0,0,0,0,0,0,0,0,0,0,0,0,8,17,25,"AUV2015","r20150528_011128_wa-gb-auv-10b",-33.4199665,115.3682074
"PR_20150528_013635_617_AC16",0,0,0,0,0,0,0,0,0,0,0,0,0,0,0,0,0,0,0,0,0,0,10,15,25,"AUV2015","r20150528_011128_wa-gb-auv-10b",-33.419938,115.3680866
"PR_20150528_013646_115_AC16",0,0,0,0,0,0,0,0,0,0,0,0,0,0,0,0,0,0,0,0,0,0,12,13,25,"AUV2015","r20150528_011128_wa-gb-auv-10b",-33.4199214,115.3679811
"PR_20150528_013656_613_AC16",0,0,0,0,0,0,0,0,0,0,0,0,0,0,0,0,0,0,0,0,0,0,0,25,25,"AUV2015","r20150528_011128_wa-gb-auv-10b",-33.4198968,115.3678653
"PR_20150528_013707_111_AC16",0,0,0,0,0,0,0,0,0,0,0,0,0,0,0,0,0,0,0,0,0,0,3,22,25,"AUV2015","r20150528_011128_wa-gb-auv-10b",-33.4198775,115.3677542
"PR_20150528_013717_609_AC16",0,0,0,0,0,0,0,0,0,0,0,0,0,0,0,0,0,0,0,0,0,0,25,0,25,"AUV2015","r20150528_011128_wa-gb-auv-10b",-33.4198535,115.367637
"PR_20150528_013728_107_AC16",0,0,0,0,0,0,0,0,0,0,0,0,0,0,0,0,0,0,0,0,0,0,0,25,25,"AUV2015","r20150528_011128_wa-gb-auv-10b",-33.419831,115.3675234
"PR_20150528_013738_605_AC16",0,0,0,0,0,0,0,0,0,0,0,0,0,0,0,0,0,0,0,0,0,0,8,17,25,"AUV2015","r20150528_011128_wa-gb-auv-10b",-33.4198107,115.3674158
"PR_20150528_013749_103_AC16",0,0,0,0,0,0,0,0,0,0,0,0,0,0,0,0,0,0,0,0,0,0,0,25,25,"AUV2015","r20150528_011128_wa-gb-auv-10b",-33.4197859,115.3673021
"PR_20150528_013759_601_AC16",0,0,0,0,0,0,0,0,0,0,0,0,0,0,0,0,0,0,0,0,0,0,7,18,25,"AUV2015","r20150528_011128_wa-gb-auv-10b",-33.4197671,115.3671977
"PR_20150528_013810_100_AC16",0,0,0,0,0,0,0,0,0,0,0,0,0,0,0,0,0,0,0,0,3,0,13,9,25,"AUV2015","r20150528_011128_wa-gb-auv-10b",-33.4197408,115.3670877
"PR_20150528_013820_598_AC16",0,0,0,0,0,0,0,0,0,0,0,0,0,0,0,0,0,0,0,0,0,0,16,9,25,"AUV2015","r20150528_011128_wa-gb-auv-10b",-33.4197166,115.3669668
"PR_20150528_013831_096_AC16",0,0,0,0,0,0,0,0,0,0,0,0,0,0,0,0,0,0,0,0,0,0,14,11,25,"AUV2015","r20150528_011128_wa-gb-auv-10b",-33.419693,115.3668619
"PR_20150528_013841_594_AC16",0,0,0,0,0,0,0,0,0,0,0,0,0,0,0,0,0,0,0,0,0,0,13,12,25,"AUV2015","r20150528_011128_wa-gb-auv-10b",-33.4197023,115.3667598
"PR_20150528_013852_093_AC16",0,0,0,0,0,0,0,0,0,0,0,0,0,0,0,0,0,0,0,0,0,0,5,20,25,"AUV2015","r20150528_011128_wa-gb-auv-10b",-33.4197771,115.3667737
"PR_20150528_013902_590_AC16",0,0,0,0,0,0,0,0,0,0,0,0,0,0,0,0,0,0,0,0,0,0,18,7,25,"AUV2015","r20150528_011128_wa-gb-auv-10b",-33.4198863,115.3667563
"PR_20150528_013913_089_AC16",0,0,0,0,0,0,0,0,0,0,0,0,0,0,0,0,0,0,0,0,0,0,17,8,25,"AUV2015","r20150528_011128_wa-gb-auv-10b",-33.4199972,115.3667557
"PR_20150528_013923_587_AC16",0,0,0,0,0,0,0,0,0,0,0,0,0,0,0,0,0,0,0,0,0,0,16,9,25,"AUV2015","r20150528_011128_wa-gb-auv-10b",-33.4200992,115.3667332
"PR_20150528_013934_086_AC16",0,0,0,0,0,0,0,0,0,0,0,0,0,0,0,0,0,0,0,0,0,0,3,22,25,"AUV2015","r20150528_011128_wa-gb-auv-10b",-33.4202053,115.3667255
"PR_20150528_013945_085_AC16",0,0,0,0,0,0,0,0,0,0,0,0,0,0,0,0,0,0,0,0,0,0,5,20,25,"AUV2015","r20150528_011128_wa-gb-auv-10b",-33.4203148,115.366707
"PR_20150528_013955_584_AC16",0,0,0,0,0,0,0,0,0,0,0,0,0,0,0,0,0,0,0,0,0,0,16,9,25,"AUV2015","r20150528_011128_wa-gb-auv-10b",-33.4204143,115.3667028
"PR_20150528_014006_082_AC16",0,0,0,0,0,0,0,0,0,0,0,0,0,0,0,0,0,0,0,0,0,0,19,6,25,"AUV2015","r20150528_011128_wa-gb-auv-10b",-33.4205171,115.3666869
"PR_20150528_014016_580_AC16",0,0,0,0,0,0,0,0,0,0,0,0,0,0,0,0,0,0,0,0,0,0,22,3,25,"AUV2015","r20150528_011128_wa-gb-auv-10b",-33.4206188,115.3666661
"PR_20150528_014027_079_AC16",0,0,0,0,0,0,0,0,0,0,0,0,0,0,0,0,0,0,0,0,0,0,17,8,25,"AUV2015","r20150528_011128_wa-gb-auv-10b",-33.4207242,115.3666632
"PR_20150528_014037_577_AC16",0,0,0,0,0,0,0,0,0,0,0,0,0,0,0,0,0,0,0,0,0,0,18,6,24,"AUV2015","r20150528_011128_wa-gb-auv-10b",-33.420825,115.3666412
"PR_20150528_014048_075_AC16",0,0,0,0,0,0,0,0,0,0,0,0,0,0,0,0,0,0,0,0,0,0,22,3,25,"AUV2015","r20150528_011128_wa-gb-auv-10b",-33.4209299,115.3666365
"PR_20150528_014058_574_AC16",0,0,0,0,0,0,0,0,0,0,0,0,0,0,0,0,0,0,0,0,0,0,14,11,25,"AUV2015","r20150528_011128_wa-gb-auv-10b",-33.4210319,115.3666164
"PR_20150528_014109_073_AC16",0,0,0,0,0,0,0,0,0,0,0,0,0,0,0,0,0,0,0,0,0,0,4,21,25,"AUV2015","r20150528_011128_wa-gb-auv-10b",-33.4211293,115.3666186
"PR_20150528_014119_573_AC16",0,0,0,0,0,0,0,0,0,0,0,0,0,0,0,0,0,0,0,0,0,0,15,10,25,"AUV2015","r20150528_011128_wa-gb-auv-10b",-33.4212264,115.3665936
"PR_20150528_014130_072_AC16",0,0,0,0,0,0,0,0,0,0,0,0,0,0,0,0,0,0,0,0,0,0,24,1,25,"AUV2015","r20150528_011128_wa-gb-auv-10b",-33.4213201,115.3665968
"PR_20150528_014140_571_AC16",0,0,0,0,0,0,0,0,0,0,0,0,0,0,0,0,0,0,0,0,0,0,3,22,25,"AUV2015","r20150528_011128_wa-gb-auv-10b",-33.4214153,115.3665652
"PR_20150528_014151_070_AC16",0,0,0,0,0,0,0,0,0,0,0,0,0,0,0,0,0,0,0,0,0,0,10,15,25,"AUV2015","r20150528_011128_wa-gb-auv-10b",-33.4215122,115.3665767
"PR_20150528_014201_569_AC16",0,0,0,0,0,0,0,0,0,0,0,0,0,0,0,0,0,0,0,0,0,0,6,19,25,"AUV2015","r20150528_011128_wa-gb-auv-10b",-33.4216103,115.3665514
"PR_20150528_014212_068_AC16",0,0,0,0,0,0,0,0,0,0,0,0,0,0,0,0,0,0,0,0,0,0,4,21,25,"AUV2015","r20150528_011128_wa-gb-auv-10b",-33.4217075,115.3665538
"PR_20150528_014222_567_AC16",0,0,0,0,0,0,0,0,0,0,0,0,0,0,0,0,0,0,0,0,0,0,13,12,25,"AUV2015","r20150528_011128_wa-gb-auv-10b",-33.4218078,115.3665285
"PR_20150528_014233_566_AC16",0,0,0,0,0,0,0,0,0,0,0,0,0,0,0,0,0,0,0,0,0,0,9,16,25,"AUV2015","r20150528_011128_wa-gb-auv-10b",-33.4219134,115.3665273
"PR_20150528_014244_064_AC16",0,0,0,0,0,0,0,0,0,0,0,0,0,0,0,0,0,0,0,0,0,0,1,24,25,"AUV2015","r20150528_011128_wa-gb-auv-10b",-33.4220127,115.3665023
"PR_20150528_014254_563_AC16",0,0,0,0,0,0,0,0,0,0,0,0,0,0,0,0,0,0,0,0,0,0,4,21,25,"AUV2015","r20150528_011128_wa-gb-auv-10b",-33.4221142,115.3665024
"PR_20150528_014305_061_AC16",0,0,0,0,0,0,0,0,0,0,0,0,0,0,0,0,0,0,0,0,0,0,7,18,25,"AUV2015","r20150528_011128_wa-gb-auv-10b",-33.4222135,115.3664811
"PR_20150528_014315_560_AC16",0,0,0,0,0,0,0,0,0,0,0,0,0,0,0,0,0,0,0,0,0,0,1,24,25,"AUV2015","r20150528_011128_wa-gb-auv-10b",-33.4223148,115.3664833
"PR_20150528_014326_059_AC16",0,0,0,0,0,0,0,0,0,0,0,0,0,0,0,0,0,0,0,0,0,0,5,20,25,"AUV2015","r20150528_011128_wa-gb-auv-10b",-33.4224156,115.3664593
"PR_20150528_014336_559_AC16",0,0,0,0,0,0,0,0,0,0,0,0,0,0,0,0,0,0,0,0,0,0,2,23,25,"AUV2015","r20150528_011128_wa-gb-auv-10b",-33.4225156,115.366467
"PR_20150528_014347_057_AC16",0,0,0,0,0,0,0,0,0,0,0,0,0,0,0,0,0,0,0,0,0,0,10,15,25,"AUV2015","r20150528_011128_wa-gb-auv-10b",-33.4226189,115.3664327
"PR_20150528_014357_556_AC16",0,0,0,0,0,0,0,0,0,0,0,0,0,0,0,0,0,0,0,0,2,0,5,18,25,"AUV2015","r20150528_011128_wa-gb-auv-10b",-33.4227155,115.3664488
"PR_20150528_014418_554_AC16",0,0,0,0,0,0,0,0,0,0,0,0,0,0,0,0,0,0,0,0,7,0,8,10,25,"AUV2015","r20150528_011128_wa-gb-auv-10b",-33.4229085,115.3664282
"PR_20150528_014429_054_AC16",0,0,0,0,0,0,0,0,0,0,0,0,0,0,0,0,0,0,0,0,0,0,2,23,25,"AUV2015","r20150528_011128_wa-gb-auv-10b",-33.4230023,115.3664195
"PR_20150528_014439_553_AC16",0,0,0,0,0,0,0,0,0,0,0,0,0,0,0,0,0,0,0,0,0,0,14,11,25,"AUV2015","r20150528_011128_wa-gb-auv-10b",-33.423104,115.366409
"PR_20150528_014450_052_AC16",0,0,0,0,0,0,0,0,0,0,0,0,0,0,0,0,0,0,0,0,0,0,14,10,24,"AUV2015","r20150528_011128_wa-gb-auv-10b",-33.423202,115.366404
"PR_20150528_014500_551_AC16",0,0,0,0,0,0,0,0,0,0,0,0,0,0,0,0,0,0,0,0,0,0,19,6,25,"AUV2015","r20150528_011128_wa-gb-auv-10b",-33.4233004,115.3663851
"PR_20150528_014511_050_AC16",0,0,0,0,0,0,0,0,0,0,0,0,0,0,0,0,0,0,0,0,0,0,17,8,25,"AUV2015","r20150528_011128_wa-gb-auv-10b",-33.423393,115.3663631
"PR_20150528_014521_549_AC16",0,0,0,0,0,0,0,0,0,0,0,0,0,0,0,0,0,0,0,0,0,0,19,6,25,"AUV2015","r20150528_011128_wa-gb-auv-10b",-33.4233855,115.366275
"PR_20150528_014532_048_AC16",0,0,0,0,0,0,0,0,0,0,0,0,0,0,0,0,0,0,0,0,0,0,5,20,25,"AUV2015","r20150528_011128_wa-gb-auv-10b",-33.4233538,115.366177
"PR_20150528_014542_548_AC16",0,0,0,0,0,0,0,0,0,0,0,0,0,0,0,0,0,0,0,0,0,0,16,9,25,"AUV2015","r20150528_011128_wa-gb-auv-10b",-33.4233287,115.3660463
"PR_20150528_014553_048_AC16",0,0,0,0,0,0,0,0,0,0,0,0,0,0,0,0,0,0,0,0,0,0,0,25,25,"AUV2015","r20150528_011128_wa-gb-auv-10b",-33.4233026,115.3659225
"PR_20150528_014603_548_AC16",0,0,0,0,0,0,0,0,0,0,0,0,0,0,0,0,0,0,0,0,0,0,0,25,25,"AUV2015","r20150528_011128_wa-gb-auv-10b",-33.4232823,115.365805
"PR_20150528_014614_047_AC16",0,0,0,0,0,0,0,0,0,0,0,0,0,0,0,0,0,0,0,0,0,0,1,24,25,"AUV2015","r20150528_011128_wa-gb-auv-10b",-33.423257,115.3656857
"PR_20150528_014624_546_AC16",0,0,0,0,0,0,0,0,0,0,0,0,0,0,0,0,0,0,0,0,0,0,2,23,25,"AUV2015","r20150528_011128_wa-gb-auv-10b",-33.4232384,115.3655788
"PR_20150528_014635_044_AC16",0,0,0,0,0,0,0,0,0,0,0,0,0,0,0,0,0,0,0,0,0,0,2,23,25,"AUV2015","r20150528_011128_wa-gb-auv-10b",-33.4232153,115.3654669
"PR_20150528_014645_543_AC16",0,0,0,0,0,0,0,0,0,0,0,0,0,0,0,0,0,0,0,0,0,0,4,21,25,"AUV2015","r20150528_011128_wa-gb-auv-10b",-33.4231939,115.3653533
"PR_20150528_014656_043_AC16",0,0,0,0,0,0,0,0,0,0,0,0,0,0,0,0,0,0,0,0,0,0,8,17,25,"AUV2015","r20150528_011128_wa-gb-auv-10b",-33.4231698,115.3652454
"PR_20150528_014706_543_AC16",0,0,0,0,0,0,0,0,0,0,0,0,0,0,0,0,0,0,0,0,0,0,15,10,25,"AUV2015","r20150528_011128_wa-gb-auv-10b",-33.4231461,115.3651404
"PR_20150528_014717_044_AC16",0,0,0,0,0,0,0,0,0,0,0,0,0,0,0,0,0,0,0,0,0,0,1,24,25,"AUV2015","r20150528_011128_wa-gb-auv-10b",-33.4231163,115.3650177
"PR_20150528_014727_544_AC16",0,0,0,0,0,0,0,0,0,0,0,0,0,0,0,0,0,0,0,0,0,0,0,7,7,"AUV2015","r20150528_011128_wa-gb-auv-10b",-33.4230979,115.3649151
"PR_20150528_014738_044_AC16",0,0,0,0,0,0,0,0,0,0,0,0,0,0,0,0,0,0,0,0,0,0,13,12,25,"AUV2015","r20150528_011128_wa-gb-auv-10b",-33.4230666,115.3647919
"PR_20150528_014748_543_AC16",0,0,0,0,0,0,0,0,0,0,0,0,0,0,0,0,0,0,0,0,0,0,15,10,25,"AUV2015","r20150528_011128_wa-gb-auv-10b",-33.423042,115.3646796
"PR_20150528_014759_042_AC16",0,0,0,0,0,0,0,0,0,0,0,0,0,0,0,0,0,0,0,0,0,0,15,10,25,"AUV2015","r20150528_011128_wa-gb-auv-10b",-33.4230155,115.364566
"PR_20150528_014809_542_AC16",0,0,0,0,0,0,0,0,0,0,0,0,0,0,0,0,0,0,0,0,0,0,15,10,25,"AUV2015","r20150528_011128_wa-gb-auv-10b",-33.4229943,115.3644578
"PR_20150528_014820_043_AC16",0,0,0,0,0,0,0,0,0,0,0,0,0,0,0,0,0,0,0,0,0,0,12,13,25,"AUV2015","r20150528_011128_wa-gb-auv-10b",-33.4229679,115.3643498
"PR_20150528_014830_545_AC16",0,0,0,0,0,0,0,0,0,0,0,0,0,0,0,0,0,0,0,0,0,0,0,25,25,"AUV2015","r20150528_011128_wa-gb-auv-10b",-33.4229447,115.364236
"PR_20150528_014841_046_AC16",0,0,0,0,0,0,0,0,0,0,0,0,0,0,0,0,0,0,0,0,0,0,0,25,25,"AUV2015","r20150528_011128_wa-gb-auv-10b",-33.4229236,115.3641367
"PR_20150528_014851_548_AC16",0,0,0,0,0,0,0,0,0,0,0,0,0,0,0,0,0,0,0,0,0,0,5,20,25,"AUV2015","r20150528_011128_wa-gb-auv-10b",-33.4228952,115.3640156
"PR_20150528_014902_549_AC16",0,0,0,0,0,0,0,0,0,0,0,0,0,0,0,0,0,0,0,0,0,0,0,25,25,"AUV2015","r20150528_011128_wa-gb-auv-10b",-33.4228736,115.363906
"PR_20150528_014913_051_AC16",0,0,0,0,0,0,0,0,0,0,0,0,0,0,0,0,0,0,0,0,0,0,0,25,25,"AUV2015","r20150528_011128_wa-gb-auv-10b",-33.4228491,115.3637942
"PR_20150528_014923_553_AC16",0,0,0,0,0,0,0,0,0,0,0,0,0,0,0,0,0,0,0,0,0,0,0,25,25,"AUV2015","r20150528_011128_wa-gb-auv-10b",-33.4228281,115.3636837
"PR_20150528_014934_054_AC16",0,0,0,0,0,0,0,0,0,0,0,0,0,0,0,0,0,0,0,0,0,0,0,12,12,"AUV2015","r20150528_011128_wa-gb-auv-10b",-33.4227692,115.3636226
"PR_20150528_014944_556_AC16",0,0,0,0,0,0,0,0,0,0,0,0,0,0,0,0,0,0,0,0,0,0,0,25,25,"AUV2015","r20150528_011128_wa-gb-auv-10b",-33.4226746,115.3636536
"PR_20150528_014955_058_AC16",0,0,0,0,0,0,0,0,0,0,0,0,0,0,0,0,0,0,0,0,0,0,0,25,25,"AUV2015","r20150528_011128_wa-gb-auv-10b",-33.4225716,115.3636723
"PR_20150528_015005_559_AC16",0,0,0,0,0,0,0,0,0,0,0,0,0,0,0,0,0,0,0,0,0,0,14,11,25,"AUV2015","r20150528_011128_wa-gb-auv-10b",-33.4224729,115.3636913
"PR_20150528_015016_061_AC16",0,0,0,0,0,0,0,0,0,0,0,0,0,0,0,0,0,0,0,0,0,0,19,6,25,"AUV2015","r20150528_011128_wa-gb-auv-10b",-33.4223752,115.3637112
"PR_20150528_015026_562_AC16",0,0,0,0,0,0,0,0,0,0,0,0,0,0,0,0,0,0,0,0,0,0,8,17,25,"AUV2015","r20150528_011128_wa-gb-auv-10b",-33.42228,115.3637397
"PR_20150528_015037_063_AC16",0,0,0,0,0,0,0,0,0,0,0,0,0,0,0,0,0,0,0,0,0,0,7,18,25,"AUV2015","r20150528_011128_wa-gb-auv-10b",-33.422182,115.3637528
"PR_20150528_015047_566_AC16",0,0,0,0,0,0,0,0,0,0,0,0,0,0,0,0,0,0,0,0,0,0,0,25,25,"AUV2015","r20150528_011128_wa-gb-auv-10b",-33.4220882,115.363787
"PR_20150528_015058_067_AC16",0,0,0,0,0,0,0,0,0,0,0,0,0,0,0,0,0,0,0,0,0,0,4,21,25,"AUV2015","r20150528_011128_wa-gb-auv-10b",-33.4219911,115.363799
"PR_20150528_015108_570_AC16",0,0,0,0,0,0,0,0,0,0,0,0,0,0,0,0,0,0,0,0,0,0,10,15,25,"AUV2015","r20150528_011128_wa-gb-auv-10b",-33.421897,115.3638279
"PR_20150528_015119_073_AC16",0,0,0,0,0,0,0,0,0,0,0,0,0,0,0,0,0,0,0,0,0,0,2,23,25,"AUV2015","r20150528_011128_wa-gb-auv-10b",-33.4218007,115.3638355
"PR_20150528_015129_575_AC16",0,0,0,0,0,0,0,0,0,0,0,0,0,0,0,0,0,0,0,0,0,0,7,18,25,"AUV2015","r20150528_011128_wa-gb-auv-10b",-33.4217081,115.3638727
"PR_20150528_015140_077_AC16",0,0,0,0,0,0,0,0,0,0,0,0,0,0,0,0,0,0,0,0,0,0,15,10,25,"AUV2015","r20150528_011128_wa-gb-auv-10b",-33.4216109,115.3638807
"PR_20150528_015150_579_AC16",0,0,0,0,0,0,0,0,0,0,0,0,0,0,0,0,0,0,0,0,0,0,6,19,25,"AUV2015","r20150528_011128_wa-gb-auv-10b",-33.4215192,115.3639139
"PR_20150528_015201_081_AC16",0,0,0,0,0,0,0,0,0,0,0,0,0,0,0,0,0,0,0,0,0,0,21,4,25,"AUV2015","r20150528_011128_wa-gb-auv-10b",-33.4214215,115.3639203
"PR_20150528_015211_583_AC16",0,0,0,0,0,0,0,0,0,0,0,0,0,0,0,0,0,0,0,0,0,0,16,9,25,"AUV2015","r20150528_011128_wa-gb-auv-10b",-33.4213273,115.3639513
"PR_20150528_015222_084_AC16",0,0,0,0,0,0,0,0,0,0,0,0,0,0,0,0,0,0,0,0,0,0,11,14,25,"AUV2015","r20150528_011128_wa-gb-auv-10b",-33.4212345,115.3639683
"PR_20150528_015232_585_AC16",0,0,0,0,0,0,0,0,0,0,0,0,0,0,0,0,0,0,0,0,0,0,1,24,25,"AUV2015","r20150528_011128_wa-gb-auv-10b",-33.4211393,115.3639788
"PR_20150528_015243_086_AC16",0,0,0,0,0,0,0,0,0,0,0,0,0,0,0,0,0,0,0,0,0,0,10,15,25,"AUV2015","r20150528_011128_wa-gb-auv-10b",-33.4210415,115.3640008
"PR_20150528_015253_587_AC16",0,0,0,0,0,0,0,0,0,0,0,0,0,0,0,0,0,0,0,0,0,0,16,9,25,"AUV2015","r20150528_011128_wa-gb-auv-10b",-33.4209509,115.3640208
"PR_20150528_015304_087_AC16",0,0,0,0,0,0,0,0,0,0,0,0,0,0,0,0,0,0,0,0,0,0,13,12,25,"AUV2015","r20150528_011128_wa-gb-auv-10b",-33.4208564,115.364039
"PR_20150528_015314_587_AC16",0,0,0,0,0,0,0,0,0,0,0,0,0,0,0,0,0,0,0,0,0,0,0,25,25,"AUV2015","r20150528_011128_wa-gb-auv-10b",-33.4207646,115.3640601
"PR_20150528_015325_090_AC16",0,0,0,0,0,0,0,0,0,0,0,0,0,0,0,0,0,0,0,0,0,0,9,16,25,"AUV2015","r20150528_011128_wa-gb-auv-10b",-33.4206734,115.3640823
"PR_20150528_015335_592_AC16",0,0,0,0,0,0,0,0,0,0,0,0,0,0,0,0,0,0,0,0,0,0,4,21,25,"AUV2015","r20150528_011128_wa-gb-auv-10b",-33.4205811,115.3640914
"PR_20150528_015346_093_AC16",0,0,0,0,0,0,0,0,0,0,0,0,0,0,0,0,0,0,0,0,0,0,0,9,9,"AUV2015","r20150528_011128_wa-gb-auv-10b",-33.4204872,115.3641204
"PR_20150528_015356_595_AC16",0,0,0,0,0,0,0,0,0,0,0,0,0,0,0,0,0,0,0,0,0,0,4,21,25,"AUV2015","r20150528_011128_wa-gb-auv-10b",-33.4203898,115.3641288
"PR_20150528_015407_097_AC16",0,0,0,0,0,0,0,0,0,0,0,0,0,0,0,0,0,0,0,0,0,0,9,16,25,"AUV2015","r20150528_011128_wa-gb-auv-10b",-33.4203,115.3641628
"PR_20150528_015417_599_AC16",0,0,0,0,0,0,0,0,0,0,0,0,0,0,0,0,0,0,0,0,0,0,4,21,25,"AUV2015","r20150528_011128_wa-gb-auv-10b",-33.4202061,115.3641702
"PR_20150528_015428_102_AC16",0,0,0,0,0,0,0,0,0,0,0,0,0,0,0,0,0,0,0,0,0,0,0,25,25,"AUV2015","r20150528_011128_wa-gb-auv-10b",-33.4201136,115.3642005
"PR_20150528_015438_605_AC16",0,0,0,0,0,0,0,0,0,0,0,0,0,0,0,0,0,0,0,0,0,0,2,23,25,"AUV2015","r20150528_011128_wa-gb-auv-10b",-33.4200229,115.3642196
"PR_20150528_015449_108_AC16",0,0,0,0,0,0,0,0,0,0,0,0,0,0,0,0,0,0,0,0,0,0,5,20,25,"AUV2015","r20150528_011128_wa-gb-auv-10b",-33.4199261,115.3642357
"PR_20150528_015459_611_AC16",0,0,0,0,0,0,0,0,0,0,0,0,0,0,0,0,0,0,0,0,0,0,0,25,25,"AUV2015","r20150528_011128_wa-gb-auv-10b",-33.4198354,115.3642654
"PR_20150528_015520_617_AC16",0,0,0,0,0,0,0,0,0,0,0,0,0,0,0,0,0,0,0,0,0,0,0,25,25,"AUV2015","r20150528_011128_wa-gb-auv-10b",-33.4196498,115.3643048
"PR_20150528_015531_119_AC16",0,0,0,0,0,0,0,0,0,0,0,0,0,0,0,0,0,0,0,0,0,0,2,23,25,"AUV2015","r20150528_011128_wa-gb-auv-10b",-33.4195558,115.3643089
"PR_20150528_015541_621_AC16",0,0,0,0,0,0,0,0,0,0,0,0,0,0,0,0,0,0,0,0,0,0,6,19,25,"AUV2015","r20150528_011128_wa-gb-auv-10b",-33.4194647,115.3643433
"PR_20150528_015552_124_AC16",0,0,0,0,0,0,0,0,0,0,0,0,0,0,0,0,0,0,0,0,0,0,11,14,25,"AUV2015","r20150528_011128_wa-gb-auv-10b",-33.4193698,115.3643417
"PR_20150528_015602_627_AC16",0,0,0,0,0,0,0,0,0,0,0,0,0,0,0,0,0,0,0,0,0,0,9,16,25,"AUV2015","r20150528_011128_wa-gb-auv-10b",-33.419319,115.3642933
"PR_20150528_015613_130_AC16",0,0,0,0,0,0,0,0,0,0,0,0,0,0,0,0,0,0,0,0,0,0,0,25,25,"AUV2015","r20150528_011128_wa-gb-auv-10b",-33.4193052,115.3641743
"PR_20150528_015623_632_AC16",0,0,0,0,0,0,0,0,0,0,0,0,0,0,0,0,0,0,0,0,0,0,8,17,25,"AUV2015","r20150528_011128_wa-gb-auv-10b",-33.4192803,115.3640503
"PR_20150528_015634_135_AC16",0,0,0,0,0,0,0,0,0,0,0,0,0,0,0,0,0,0,0,0,0,0,1,24,25,"AUV2015","r20150528_011128_wa-gb-auv-10b",-33.4192565,115.3639298
"PR_20150528_015644_637_AC16",0,0,0,0,0,0,0,0,0,0,0,0,0,0,0,0,0,0,0,0,0,0,0,25,25,"AUV2015","r20150528_011128_wa-gb-auv-10b",-33.4192373,115.3638121
"PR_20150528_015655_140_AC16",0,0,0,0,0,0,0,0,0,0,0,0,0,0,0,0,0,0,0,0,0,0,0,25,25,"AUV2015","r20150528_011128_wa-gb-auv-10b",-33.4192149,115.3636927
"PR_20150528_015705_643_AC16",0,0,0,0,0,0,0,0,0,0,0,0,0,0,0,0,0,0,0,0,0,0,0,25,25,"AUV2015","r20150528_011128_wa-gb-auv-10b",-33.4192022,115.3635887
"PR_20150528_015716_147_AC16",0,0,0,0,0,0,0,0,0,0,0,0,0,0,0,11,0,0,0,0,0,0,1,13,25,"AUV2015","r20150528_011128_wa-gb-auv-10b",-33.4191796,115.3634676
"PR_20150528_015726_650_AC16",0,0,0,0,0,0,0,0,0,0,0,0,0,0,0,0,0,0,0,0,0,0,17,8,25,"AUV2015","r20150528_011128_wa-gb-auv-10b",-33.4191674,115.3633565
"PR_20150528_015737_154_AC16",0,0,0,0,0,0,0,0,0,0,0,0,0,0,0,0,0,0,0,0,0,0,20,5,25,"AUV2015","r20150528_011128_wa-gb-auv-10b",-33.4191377,115.3632269
"PR_20150528_015747_656_AC16",0,0,0,0,0,0,0,0,0,0,0,0,0,0,0,0,0,0,0,0,0,0,18,7,25,"AUV2015","r20150528_011128_wa-gb-auv-10b",-33.419121,115.3631189
"PR_20150528_015758_159_AC16",0,0,0,0,0,0,0,0,0,0,0,0,0,0,0,0,0,0,0,0,0,0,8,17,25,"AUV2015","r20150528_011128_wa-gb-auv-10b",-33.419096,115.3629963
"PR_20150528_015808_660_AC16",0,1,0,0,0,0,0,0,0,0,0,0,0,0,0,0,0,0,0,0,0,0,3,21,25,"AUV2015","r20150528_011128_wa-gb-auv-10b",-33.4190797,115.3628872
"PR_20150528_015819_162_AC16",0,0,0,0,0,0,0,0,0,0,0,0,0,0,0,0,0,0,0,0,0,0,2,23,25,"AUV2015","r20150528_011128_wa-gb-auv-10b",-33.419059,115.362777
"PR_20150528_015840_166_AC16",0,0,0,0,0,0,0,0,0,0,0,0,0,0,0,0,0,0,0,0,0,0,13,12,25,"AUV2015","r20150528_011128_wa-gb-auv-10b",-33.4190151,115.3625517
"PR_20150528_015850_668_AC16",0,0,0,0,0,0,0,0,0,0,0,0,0,0,0,0,0,0,0,0,0,0,11,14,25,"AUV2015","r20150528_011128_wa-gb-auv-10b",-33.418988,115.3624349
"PR_20150528_015901_169_AC16",0,0,0,0,0,0,0,0,0,0,0,0,0,0,0,0,0,0,0,0,0,0,4,21,25,"AUV2015","r20150528_011128_wa-gb-auv-10b",-33.4189705,115.3623286
"PR_20150528_015911_670_AC16",0,0,0,0,0,0,0,0,0,0,0,0,0,0,0,0,0,0,0,0,0,0,12,13,25,"AUV2015","r20150528_011128_wa-gb-auv-10b",-33.4189438,115.3622125
"PR_20150528_015922_170_AC16",0,0,0,0,0,0,0,0,0,0,0,0,0,0,0,0,0,0,0,0,0,0,10,15,25,"AUV2015","r20150528_011128_wa-gb-auv-10b",-33.4189251,115.3621001
"PR_20150528_015932_671_AC16",0,0,0,0,0,0,0,0,0,0,0,0,0,0,0,0,0,0,0,0,0,0,10,15,25,"AUV2015","r20150528_011128_wa-gb-auv-10b",-33.4189014,115.361996
"PR_20150528_015943_173_AC16",0,0,0,0,0,0,0,0,0,0,0,0,0,0,0,0,0,0,0,0,0,0,0,25,25,"AUV2015","r20150528_011128_wa-gb-auv-10b",-33.4188795,115.3618773
"PR_20150528_015953_675_AC16",0,0,0,0,0,0,0,0,0,0,0,0,0,0,0,0,0,0,0,0,0,0,13,12,25,"AUV2015","r20150528_011128_wa-gb-auv-10b",-33.4188635,115.3617756
"PR_20150528_020004_679_AC16",0,0,0,0,0,0,0,0,0,0,0,0,0,0,0,0,0,0,0,0,0,0,5,20,25,"AUV2015","r20150528_011128_wa-gb-auv-10b",-33.418838,115.3616542
"PR_20150528_020015_182_AC16",0,0,0,0,0,0,0,0,0,0,0,0,0,0,0,0,0,0,0,0,0,0,7,18,25,"AUV2015","r20150528_011128_wa-gb-auv-10b",-33.4188393,115.3615452
"PR_20150528_020025_686_AC16",0,0,0,0,0,0,0,0,0,0,0,0,0,0,0,0,0,0,0,0,0,0,3,22,25,"AUV2015","r20150528_011128_wa-gb-auv-10b",-33.4189083,115.3615404
"PR_20150528_020036_188_AC16",0,0,0,0,0,0,0,0,0,0,0,0,0,0,0,0,0,0,0,0,0,0,9,16,25,"AUV2015","r20150528_011128_wa-gb-auv-10b",-33.4190059,115.3615611
"PR_20150528_020046_692_AC16",0,0,0,0,0,0,0,0,0,0,0,0,0,0,0,0,0,0,0,0,0,0,9,16,25,"AUV2015","r20150528_011128_wa-gb-auv-10b",-33.4191137,115.3615459
"PR_20150528_020057_196_AC16",0,0,0,0,0,0,0,0,0,0,0,0,0,0,0,0,0,0,0,0,0,0,8,17,25,"AUV2015","r20150528_011128_wa-gb-auv-10b",-33.419222,115.361539
"PR_20150528_020107_699_AC16",0,0,0,0,0,0,0,0,0,0,0,0,0,0,0,0,0,0,0,0,0,0,9,16,25,"AUV2015","r20150528_011128_wa-gb-auv-10b",-33.4193272,115.3615243
"PR_20150528_020118_202_AC16",0,0,0,0,0,0,0,0,0,0,0,0,0,0,0,0,0,0,0,0,0,0,12,13,25,"AUV2015","r20150528_011128_wa-gb-auv-10b",-33.4194332,115.3615191
"PR_20150528_020128_704_AC16",0,0,0,0,0,0,0,0,0,0,0,0,0,0,0,0,0,0,0,0,0,0,8,17,25,"AUV2015","r20150528_011128_wa-gb-auv-10b",-33.4195364,115.3615017
"PR_20150528_020139_209_AC16",0,0,0,0,0,0,0,0,0,0,0,0,0,0,0,0,0,0,0,0,0,0,10,15,25,"AUV2015","r20150528_011128_wa-gb-auv-10b",-33.4196405,115.3614891
"PR_20150528_020149_713_AC16",0,0,0,0,0,0,0,0,0,0,0,0,0,0,0,0,0,0,0,0,0,0,18,7,25,"AUV2015","r20150528_011128_wa-gb-auv-10b",-33.4197423,115.361483
"PR_20150528_020200_216_AC16",0,0,0,0,0,0,0,0,0,0,0,0,0,0,0,1,0,0,0,0,0,0,8,16,25,"AUV2015","r20150528_011128_wa-gb-auv-10b",-33.4198434,115.3614723
"PR_20150528_020210_721_AC16",0,0,0,0,0,0,0,0,0,0,0,0,0,0,0,0,0,0,0,0,0,0,5,20,25,"AUV2015","r20150528_011128_wa-gb-auv-10b",-33.4199453,115.3614675
"PR_20150528_020221_225_AC16",0,0,0,0,0,0,0,0,0,0,0,0,0,0,0,0,0,0,0,0,0,0,7,13,20,"AUV2015","r20150528_011128_wa-gb-auv-10b",-33.4200465,115.3614684
"PR_20150528_020231_729_AC16",0,0,0,0,0,0,0,0,0,0,0,0,0,0,0,0,0,0,0,0,0,0,1,24,25,"AUV2015","r20150528_011128_wa-gb-auv-10b",-33.4201443,115.3614533
"PR_20150528_020242_234_AC16",0,0,0,0,0,0,0,0,0,0,0,0,0,0,0,0,0,0,0,0,0,0,3,21,24,"AUV2015","r20150528_011128_wa-gb-auv-10b",-33.4202449,115.3614634
"PR_20150528_020252_738_AC16",0,0,0,0,0,0,0,0,0,0,0,0,0,0,0,0,0,0,0,0,0,0,0,25,25,"AUV2015","r20150528_011128_wa-gb-auv-10b",-33.4203428,115.3614325
"PR_20150528_020313_748_AC16",0,0,0,0,0,0,0,0,0,0,0,0,0,0,0,0,0,0,0,0,0,0,1,24,25,"AUV2015","r20150528_011128_wa-gb-auv-10b",-33.4205397,115.361411
"PR_20150528_020324_253_AC16",0,0,0,0,0,0,0,0,0,0,0,0,0,0,0,0,0,0,0,0,0,0,6,19,25,"AUV2015","r20150528_011128_wa-gb-auv-10b",-33.4206356,115.361418
"PR_20150528_020334_757_AC16",0,0,0,0,0,0,0,0,0,0,0,0,0,0,0,0,0,0,0,0,0,0,7,18,25,"AUV2015","r20150528_011128_wa-gb-auv-10b",-33.4207329,115.3614043
"PR_20150528_020345_261_AC16",0,0,0,0,0,0,0,0,0,0,0,0,0,0,0,0,0,0,0,0,0,0,2,23,25,"AUV2015","r20150528_011128_wa-gb-auv-10b",-33.4208266,115.3613918
"PR_20150528_020355_766_AC16",0,0,0,0,0,0,0,0,0,0,0,0,0,0,0,0,0,0,0,0,0,0,0,14,14,"AUV2015","r20150528_011128_wa-gb-auv-10b",-33.4209224,115.3613957
"PR_20150528_020406_270_AC16",0,0,0,0,0,0,0,0,0,0,0,0,0,0,0,0,0,0,0,0,0,0,1,24,25,"AUV2015","r20150528_011128_wa-gb-auv-10b",-33.421019,115.3613679
"PR_20150528_020416_774_AC16",0,0,0,0,0,0,0,0,0,0,0,0,0,0,0,0,0,0,0,0,0,0,6,19,25,"AUV2015","r20150528_011128_wa-gb-auv-10b",-33.4211176,115.3613748
"PR_20150528_020427_279_AC16",0,0,0,0,0,0,0,0,0,0,0,0,0,0,0,0,0,0,0,0,0,0,2,23,25,"AUV2015","r20150528_011128_wa-gb-auv-10b",-33.4212198,115.3613493
"PR_20150528_020437_783_AC16",0,0,0,0,0,0,0,0,0,0,0,0,0,0,0,0,0,0,0,0,0,0,4,21,25,"AUV2015","r20150528_011128_wa-gb-auv-10b",-33.421315,115.3613542
"PR_20150528_020448_288_AC16",0,0,0,0,0,0,0,0,0,0,0,0,0,0,0,0,0,0,0,0,0,0,0,25,25,"AUV2015","r20150528_011128_wa-gb-auv-10b",-33.4214137,115.3613425
"PR_20150528_020458_793_AC16",0,0,0,0,0,0,0,0,0,0,0,0,0,0,0,0,0,0,0,0,0,0,4,21,25,"AUV2015","r20150528_011128_wa-gb-auv-10b",-33.421515,115.3613276
"PR_20150528_020519_800_AC16",0,0,0,0,0,0,0,0,0,0,0,0,0,0,0,0,0,0,0,0,0,0,2,23,25,"AUV2015","r20150528_011128_wa-gb-auv-10b",-33.4217175,115.3613162
"PR_20150528_020530_304_AC16",0,0,0,0,0,0,0,0,0,0,0,0,0,0,0,0,0,0,0,0,0,0,0,25,25,"AUV2015","r20150528_011128_wa-gb-auv-10b",-33.4218169,115.361304
"PR_20150528_020540_807_AC16",0,0,0,0,0,0,0,0,0,0,0,0,0,0,0,0,0,0,0,0,0,0,0,25,25,"AUV2015","r20150528_011128_wa-gb-auv-10b",-33.4219145,115.361287
"PR_20150528_020602_314_AC16",0,0,0,0,0,0,0,0,0,0,0,0,0,0,0,0,0,0,0,0,0,0,0,25,25,"AUV2015","r20150528_011128_wa-gb-auv-10b",-33.4221172,115.3612572
"PR_20150528_020612_818_AC16",0,0,0,0,0,0,0,0,0,0,0,0,0,0,0,0,0,0,0,0,0,0,9,16,25,"AUV2015","r20150528_011128_wa-gb-auv-10b",-33.422217,115.361256
"PR_20150528_020623_321_AC16",0,0,0,0,0,0,0,0,0,0,0,0,0,0,0,0,0,0,0,0,0,0,12,13,25,"AUV2015","r20150528_011128_wa-gb-auv-10b",-33.4223178,115.3612356
"PR_20150528_030424_190_AC16",0,0,0,0,0,0,0,0,0,0,0,0,0,0,0,0,0,0,0,0,0,0,0,18,18,"AUV2015","r20150528_023906_wa-gb-auv-09b",-33.375325,115.3656939
"PR_20150528_030445_198_AC16",0,0,0,0,0,0,0,0,0,0,0,0,0,0,0,0,11,0,0,0,0,0,0,14,25,"AUV2015","r20150528_023906_wa-gb-auv-09b",-33.3751086,115.3656745
"PR_20150528_030506_207_AC16",0,0,0,0,0,0,0,0,0,0,0,0,0,0,0,0,2,0,0,0,0,0,5,14,21,"AUV2015","r20150528_023906_wa-gb-auv-09b",-33.3749022,115.3656543
"PR_20150528_030527_214_AC16",0,0,0,0,0,0,0,0,0,0,0,0,0,0,0,0,0,0,0,0,0,0,2,23,25,"AUV2015","r20150528_023906_wa-gb-auv-09b",-33.3746971,115.3656357
"PR_20150528_030537_716_AC16",0,0,0,0,0,0,0,0,0,0,0,0,0,0,0,0,0,0,0,0,0,0,15,10,25,"AUV2015","r20150528_023906_wa-gb-auv-09b",-33.3745932,115.3656315
"PR_20150528_030548_219_AC16",0,0,0,0,0,0,0,0,1,0,0,0,0,0,0,0,12,0,0,0,0,0,8,2,23,"AUV2015","r20150528_023906_wa-gb-auv-09b",-33.3744927,115.3656246
"PR_20150528_030558_723_AC16",0,0,0,0,0,0,0,0,0,0,0,0,0,0,0,0,0,0,0,0,0,0,0,25,25,"AUV2015","r20150528_023906_wa-gb-auv-09b",-33.3743872,115.3656154
"PR_20150528_030609_227_AC16",0,0,0,0,0,0,0,0,0,0,0,0,0,0,0,0,0,0,0,0,0,0,3,22,25,"AUV2015","r20150528_023906_wa-gb-auv-09b",-33.3742858,115.3656122
"PR_20150528_030619_732_AC16",0,0,0,0,0,0,0,0,0,0,0,0,0,0,0,0,0,0,0,0,0,0,2,23,25,"AUV2015","r20150528_023906_wa-gb-auv-09b",-33.3741863,115.3656108
"PR_20150528_030630_236_AC16",0,0,0,0,0,0,0,0,0,0,0,0,0,0,0,0,0,0,0,0,0,0,13,12,25,"AUV2015","r20150528_023906_wa-gb-auv-09b",-33.3740874,115.3655958
"PR_20150528_030640_739_AC16",0,0,0,0,0,0,0,0,0,0,0,0,0,0,0,0,0,0,0,0,0,0,20,5,25,"AUV2015","r20150528_023906_wa-gb-auv-09b",-33.3739867,115.36559
"PR_20150528_030651_242_AC16",0,0,0,0,0,0,0,0,0,0,0,0,0,0,0,0,0,0,0,0,0,0,4,21,25,"AUV2015","r20150528_023906_wa-gb-auv-09b",-33.3738866,115.3655791
"PR_20150528_030701_745_AC16",0,0,0,0,0,0,0,0,0,0,0,0,0,0,0,0,0,0,0,0,0,0,6,19,25,"AUV2015","r20150528_023906_wa-gb-auv-09b",-33.3737876,115.3655793
"PR_20150528_030712_248_AC16",0,0,0,0,0,0,0,0,0,0,0,0,0,0,0,0,0,0,0,0,0,0,9,16,25,"AUV2015","r20150528_023906_wa-gb-auv-09b",-33.3736874,115.365568
"PR_20150528_030733_253_AC16",0,0,0,0,0,0,0,0,0,0,0,0,0,0,0,0,0,0,0,0,0,0,0,3,3,"AUV2015","r20150528_023906_wa-gb-auv-09b",-33.3737053,115.3653829
"PR_20150528_030743_756_AC16",0,0,0,0,0,0,0,0,0,0,0,0,0,0,0,0,0,0,0,0,0,0,13,12,25,"AUV2015","r20150528_023906_wa-gb-auv-09b",-33.3737078,115.3652548
"PR_20150528_030754_259_AC16",0,0,0,0,0,0,0,0,0,0,0,0,0,0,0,0,0,0,0,0,0,0,6,19,25,"AUV2015","r20150528_023906_wa-gb-auv-09b",-33.373712,115.3651185
"PR_20150528_030804_762_AC16",0,0,0,0,0,0,0,0,0,0,0,0,0,0,0,0,0,0,0,0,0,0,2,23,25,"AUV2015","r20150528_023906_wa-gb-auv-09b",-33.3737137,115.3649945
"PR_20150528_030815_264_AC16",0,0,0,0,0,0,0,0,0,0,0,0,0,0,0,0,0,0,0,0,0,0,3,22,25,"AUV2015","r20150528_023906_wa-gb-auv-09b",-33.3737177,115.3648719
"PR_20150528_030825_768_AC16",0,0,0,0,0,0,0,0,0,0,0,0,0,0,0,0,0,0,0,0,0,0,7,18,25,"AUV2015","r20150528_023906_wa-gb-auv-09b",-33.3737199,115.3647527
"PR_20150528_030836_271_AC16",0,0,0,0,0,0,0,0,0,0,0,0,0,0,0,0,7,0,0,0,0,0,2,8,17,"AUV2015","r20150528_023906_wa-gb-auv-09b",-33.3737255,115.3646225
"PR_20150528_030857_279_AC16",0,0,0,0,0,0,0,0,0,0,0,0,0,0,0,0,0,0,0,0,0,0,0,25,25,"AUV2015","r20150528_023906_wa-gb-auv-09b",-33.3737396,115.3643891
"PR_20150528_030918_786_AC16",0,0,0,0,0,0,0,0,0,0,0,0,0,0,0,0,0,0,0,0,0,0,2,23,25,"AUV2015","r20150528_023906_wa-gb-auv-09b",-33.3737482,115.3641433
"PR_20150528_030929_291_AC16",0,0,0,0,0,0,0,0,0,0,0,0,0,0,0,0,0,0,0,0,0,0,2,23,25,"AUV2015","r20150528_023906_wa-gb-auv-09b",-33.3737556,115.364022
"PR_20150528_030939_796_AC16",0,0,0,0,0,0,0,0,0,0,0,0,0,0,0,0,18,0,0,0,0,0,2,5,25,"AUV2015","r20150528_023906_wa-gb-auv-09b",-33.373761,115.3639027
"PR_20150528_030950_300_AC16",0,0,0,0,0,0,0,0,0,0,0,0,0,0,0,0,0,0,0,0,0,0,2,23,25,"AUV2015","r20150528_023906_wa-gb-auv-09b",-33.3737702,115.3637824
"PR_20150528_031000_804_AC16",0,0,0,0,0,0,0,0,0,0,0,0,0,0,0,0,0,0,0,0,0,0,0,23,23,"AUV2015","r20150528_023906_wa-gb-auv-09b",-33.3737758,115.3636669
"PR_20150528_031021_810_AC16",0,0,0,0,0,0,0,0,0,0,0,0,0,0,0,0,0,0,0,0,0,0,5,20,25,"AUV2015","r20150528_023906_wa-gb-auv-09b",-33.3737886,115.3634302
"PR_20150528_031042_818_AC16",0,0,1,0,0,0,0,0,0,0,0,0,0,0,0,0,9,0,0,0,0,0,0,15,25,"AUV2015","r20150528_023906_wa-gb-auv-09b",-33.3737979,115.3631879
"PR_20150528_031053_322_AC16",0,0,0,0,0,0,0,0,0,0,0,0,0,0,0,0,0,0,0,0,0,0,6,19,25,"AUV2015","r20150528_023906_wa-gb-auv-09b",-33.3738076,115.3630739
"PR_20150528_031103_826_AC16",0,0,0,0,0,0,0,0,0,0,0,0,0,0,0,0,0,0,0,0,0,0,3,22,25,"AUV2015","r20150528_023906_wa-gb-auv-09b",-33.3738156,115.3629545
"PR_20150528_031124_831_AC16",0,0,0,0,0,0,0,0,0,0,0,0,0,0,0,0,4,0,0,0,0,0,12,9,25,"AUV2015","r20150528_023906_wa-gb-auv-09b",-33.3738397,115.3627221
"PR_20150528_031145_836_AC16",0,0,0,0,0,0,0,0,0,0,0,0,0,0,0,0,0,0,0,0,0,0,0,25,25,"AUV2015","r20150528_023906_wa-gb-auv-09b",-33.3738564,115.3624798
"PR_20150528_031156_840_AC16",0,0,0,0,0,0,0,0,0,0,0,0,0,0,0,0,0,0,0,0,0,0,4,21,25,"AUV2015","r20150528_023906_wa-gb-auv-09b",-33.3738664,115.3623415
"PR_20150528_031207_344_AC16",0,0,0,0,0,0,0,0,0,0,0,0,0,0,0,0,0,0,0,0,0,0,0,25,25,"AUV2015","r20150528_023906_wa-gb-auv-09b",-33.3738771,115.3622325
"PR_20150528_031217_847_AC16",0,0,0,0,0,0,0,0,0,0,0,0,0,0,0,0,0,0,0,0,0,0,4,21,25,"AUV2015","r20150528_023906_wa-gb-auv-09b",-33.37388,115.3621143
"PR_20150528_031228_350_AC16",0,0,0,0,0,0,0,0,0,0,0,0,0,0,0,0,0,0,0,0,0,0,0,25,25,"AUV2015","r20150528_023906_wa-gb-auv-09b",-33.3738912,115.3619881
"PR_20150528_031249_356_AC16",0,0,0,0,0,0,0,0,0,0,0,0,0,0,0,0,0,0,0,0,0,0,9,16,25,"AUV2015","r20150528_023906_wa-gb-auv-09b",-33.3739668,115.3618747
"PR_20150528_031310_362_AC16",0,0,0,0,0,0,0,0,0,0,0,0,0,0,0,0,12,0,0,0,0,0,0,8,20,"AUV2015","r20150528_023906_wa-gb-auv-09b",-33.3741286,115.3619664
"PR_20150528_031331_368_AC16",0,0,0,0,0,0,0,0,0,0,0,0,0,0,0,0,21,0,0,0,0,0,4,0,25,"AUV2015","r20150528_023906_wa-gb-auv-09b",-33.3743258,115.3620233
"PR_20150528_031341_872_AC16",0,0,0,0,0,0,0,0,0,0,0,0,0,0,0,0,4,0,0,0,0,0,16,5,25,"AUV2015","r20150528_023906_wa-gb-auv-09b",-33.3744185,115.3620489
"PR_20150528_031352_375_AC16",0,0,0,0,0,0,0,0,0,0,0,0,0,0,0,0,4,0,0,0,0,0,6,15,25,"AUV2015","r20150528_023906_wa-gb-auv-09b",-33.374512,115.3620776
"PR_20150528_031402_880_AC16",0,0,0,0,0,0,0,0,0,0,0,0,0,0,0,0,3,0,0,0,0,0,7,14,24,"AUV2015","r20150528_023906_wa-gb-auv-09b",-33.3746081,115.3621023
"PR_20150528_031413_384_AC16",0,0,0,0,0,0,0,0,0,0,0,0,0,0,0,0,1,0,0,0,0,0,7,17,25,"AUV2015","r20150528_023906_wa-gb-auv-09b",-33.3747002,115.3621304
"PR_20150528_031423_887_AC16",0,0,0,0,0,0,0,0,1,0,0,0,0,0,0,0,0,0,0,0,0,0,4,20,25,"AUV2015","r20150528_023906_wa-gb-auv-09b",-33.3747956,115.3621544
"PR_20150528_031434_391_AC16",0,0,0,0,0,0,0,0,0,0,0,0,0,0,0,0,11,0,0,0,0,0,2,10,23,"AUV2015","r20150528_023906_wa-gb-auv-09b",-33.3748835,115.3621841
"PR_20150528_031455_399_AC16",0,0,1,0,0,0,0,0,0,0,0,0,0,0,0,0,6,0,0,0,0,0,4,14,25,"AUV2015","r20150528_023906_wa-gb-auv-09b",-33.3750669,115.3622368
"PR_20150528_031505_902_AC16",0,0,0,0,0,0,0,0,0,0,0,0,0,0,0,0,0,0,0,0,0,0,10,15,25,"AUV2015","r20150528_023906_wa-gb-auv-09b",-33.3751657,115.36225
"PR_20150528_031516_405_AC16",0,0,0,0,0,0,0,0,0,0,0,0,0,0,0,0,0,0,0,0,0,0,10,11,21,"AUV2015","r20150528_023906_wa-gb-auv-09b",-33.3752476,115.3622851
"PR_20150528_031537_413_AC16",0,0,0,0,0,0,0,0,0,0,0,0,0,0,0,0,0,0,0,0,0,0,0,1,1,"AUV2015","r20150528_023906_wa-gb-auv-09b",-33.3754287,115.3623337
"PR_20150528_031558_420_AC16",0,0,1,0,0,0,0,0,0,0,0,0,0,0,0,0,0,0,0,0,0,0,0,1,2,"AUV2015","r20150528_023906_wa-gb-auv-09b",-33.375609,115.3623812
"PR_20150528_031619_427_AC16",0,0,1,0,0,0,0,0,0,0,0,0,0,0,0,0,0,0,0,0,0,0,0,1,2,"AUV2015","r20150528_023906_wa-gb-auv-09b",-33.3757972,115.3624311
"PR_20150528_031650_939_AC16",0,0,0,0,0,0,0,0,0,0,0,0,0,0,0,0,1,0,0,0,0,0,0,0,1,"AUV2015","r20150528_023906_wa-gb-auv-09b",-33.3760776,115.362496
"PR_20150528_031701_442_AC16",0,0,0,0,0,0,0,0,0,0,0,0,0,0,0,0,0,0,0,0,0,0,0,1,1,"AUV2015","r20150528_023906_wa-gb-auv-09b",-33.3761549,115.3625422
"PR_20150528_031743_455_AC16",0,0,0,0,0,0,0,0,0,0,0,0,0,0,0,0,0,0,0,0,0,0,0,2,2,"AUV2015","r20150528_023906_wa-gb-auv-09b",-33.3765157,115.3626291
"PR_20150528_031804_462_AC16",0,0,0,0,0,0,0,0,0,0,0,0,0,0,0,0,0,0,2,0,0,0,0,0,2,"AUV2015","r20150528_023906_wa-gb-auv-09b",-33.3766988,115.3626737
"PR_20150528_031814_966_AC16",0,0,0,0,0,0,0,0,0,0,0,0,0,0,0,0,0,0,0,0,0,0,0,1,1,"AUV2015","r20150528_023906_wa-gb-auv-09b",-33.3767958,115.3626934
"PR_20150528_031825_971_AC16",0,0,0,0,0,0,0,0,0,0,0,0,0,0,0,0,0,0,0,0,0,0,0,1,1,"AUV2015","r20150528_023906_wa-gb-auv-09b",-33.3768913,115.3627256
"PR_20150528_031846_980_AC16",0,0,0,0,0,0,0,0,0,0,0,0,0,0,0,0,0,0,0,0,0,0,0,1,1,"AUV2015","r20150528_023906_wa-gb-auv-09b",-33.3770797,115.3627633
"PR_20150528_031857_485_AC16",0,0,1,0,0,0,0,0,0,0,0,0,0,0,0,0,0,0,0,0,0,0,0,1,2,"AUV2015","r20150528_023906_wa-gb-auv-09b",-33.3771639,115.3627976
"PR_20150528_031907_990_AC16",0,0,0,0,0,0,0,0,0,0,0,0,0,0,0,0,0,0,0,0,0,0,0,1,1,"AUV2015","r20150528_023906_wa-gb-auv-09b",-33.3772584,115.362811
"PR_20150528_031918_494_AC16",0,0,0,0,0,0,0,0,0,0,0,0,0,0,0,0,0,0,0,0,0,0,0,3,3,"AUV2015","r20150528_023906_wa-gb-auv-09b",-33.3773456,115.3628224
"PR_20150528_031928_999_AC16",0,0,0,0,0,0,0,0,0,0,0,0,0,0,0,0,0,0,0,0,0,0,0,2,2,"AUV2015","r20150528_023906_wa-gb-auv-09b",-33.3773393,115.3627105
"PR_20150528_031950_008_AC16",0,0,0,0,0,0,0,0,0,0,0,0,0,0,0,0,0,0,0,0,0,0,0,2,2,"AUV2015","r20150528_023906_wa-gb-auv-09b",-33.3773529,115.3624415
"PR_20150528_032011_018_AC16",0,0,0,0,0,0,0,0,0,0,0,0,0,0,0,0,0,0,0,0,0,0,0,1,1,"AUV2015","r20150528_023906_wa-gb-auv-09b",-33.3773739,115.3621816
"PR_20150528_032032_030_AC16",0,0,0,0,0,0,0,0,0,0,0,0,0,0,0,0,0,0,0,0,0,0,0,3,3,"AUV2015","r20150528_023906_wa-gb-auv-09b",-33.3773984,115.3619393
"PR_20150528_032217_076_AC16",0,0,0,0,0,0,0,0,0,0,0,0,0,0,0,0,0,0,0,0,0,0,0,4,4,"AUV2015","r20150528_023906_wa-gb-auv-09b",-33.3774888,115.3607503
"PR_20150528_032238_086_AC16",0,0,0,0,0,0,0,0,0,0,0,0,0,0,0,0,2,0,0,0,0,0,0,0,2,"AUV2015","r20150528_023906_wa-gb-auv-09b",-33.3775082,115.3605086
"PR_20150528_032259_096_AC16",0,0,0,0,0,0,0,0,0,0,0,0,0,0,0,0,0,0,0,0,0,0,0,1,1,"AUV2015","r20150528_023906_wa-gb-auv-09b",-33.3775337,115.3602727
"PR_20150528_032309_601_AC16",0,0,0,0,0,0,0,0,0,0,0,0,0,0,0,0,0,0,0,0,0,0,0,1,1,"AUV2015","r20150528_023906_wa-gb-auv-09b",-33.3775497,115.3601553
"PR_20150528_032320_106_AC16",0,0,0,0,0,0,0,0,0,0,0,0,0,0,0,0,0,0,0,0,0,0,1,0,1,"AUV2015","r20150528_023906_wa-gb-auv-09b",-33.3775601,115.3600351
"PR_20150528_032341_116_AC16",0,0,0,0,0,0,0,0,0,0,0,0,0,0,0,0,0,0,0,0,0,0,0,2,2,"AUV2015","r20150528_023906_wa-gb-auv-09b",-33.377596,115.3597982
"PR_20150528_032351_620_AC16",0,0,0,0,0,0,0,0,0,0,0,0,0,0,0,0,0,0,0,0,0,0,0,1,1,"AUV2015","r20150528_023906_wa-gb-auv-09b",-33.3776191,115.3596679
"PR_20150528_032402_125_AC16",0,0,0,0,0,0,0,0,0,0,0,0,0,0,0,0,0,0,0,0,0,0,0,1,1,"AUV2015","r20150528_023906_wa-gb-auv-09b",-33.3776377,115.3595439
"PR_20150528_032423_130_AC16",0,0,0,0,0,0,0,0,0,0,0,0,0,0,0,0,0,0,0,0,0,0,0,1,1,"AUV2015","r20150528_023906_wa-gb-auv-09b",-33.3776628,115.3593007
"PR_20150528_032444_134_AC16",0,0,0,0,0,0,0,0,0,0,0,0,0,0,0,0,0,0,0,0,0,0,0,3,3,"AUV2015","r20150528_023906_wa-gb-auv-09b",-33.377579,115.3591691
"PR_20150528_032505_138_AC16",0,0,0,0,0,0,0,0,0,0,0,0,0,0,0,0,1,0,0,0,0,0,0,0,1,"AUV2015","r20150528_023906_wa-gb-auv-09b",-33.3773838,115.359192
"PR_20150528_032608_159_AC16",0,0,0,0,0,0,0,0,0,0,0,0,0,0,0,0,0,0,0,0,0,0,1,0,1,"AUV2015","r20150528_023906_wa-gb-auv-09b",-33.3767774,115.3592679
"PR_20150528_032629_164_AC16",0,0,0,0,0,0,0,0,0,0,0,0,0,0,0,0,0,0,0,0,0,0,0,1,1,"AUV2015","r20150528_023906_wa-gb-auv-09b",-33.3765746,115.3592995
"PR_20150528_032650_168_AC16",0,0,0,0,0,0,0,0,0,0,0,0,0,0,0,0,0,0,0,0,0,0,0,2,2,"AUV2015","r20150528_023906_wa-gb-auv-09b",-33.3763719,115.3593216
"PR_20150528_032711_174_AC16",0,0,0,0,0,0,0,0,0,0,0,0,0,0,0,0,0,0,0,0,0,0,0,1,1,"AUV2015","r20150528_023906_wa-gb-auv-09b",-33.3761667,115.3593226
"PR_20150528_032732_181_AC16",0,0,0,0,0,0,0,0,0,0,0,0,0,0,0,0,0,0,1,0,0,0,0,0,1,"AUV2015","r20150528_023906_wa-gb-auv-09b",-33.3759642,115.359328
"PR_20150528_032742_685_AC16",0,0,0,0,0,0,0,0,0,0,0,0,0,0,0,0,0,0,0,0,0,0,0,1,1,"AUV2015","r20150528_023906_wa-gb-auv-09b",-33.375863,115.3593172
"PR_20150528_032753_189_AC16",0,0,0,0,0,0,0,0,0,0,0,0,0,0,0,0,0,0,0,0,0,0,1,1,2,"AUV2015","r20150528_023906_wa-gb-auv-09b",-33.3757639,115.3593172
"PR_20150528_032814_199_AC16",0,0,0,0,0,0,0,0,0,0,0,0,0,0,0,0,0,0,0,0,0,0,0,1,1,"AUV2015","r20150528_023906_wa-gb-auv-09b",-33.3755621,115.3593132
"PR_20150528_032835_206_AC16",0,0,0,0,0,0,0,0,0,0,0,0,0,0,0,0,0,0,0,0,0,0,0,1,1,"AUV2015","r20150528_023906_wa-gb-auv-09b",-33.3753643,115.3593029
"PR_20150528_032856_212_AC16",0,0,0,0,0,0,0,0,0,0,0,0,0,0,0,0,0,0,0,0,0,0,1,0,1,"AUV2015","r20150528_023906_wa-gb-auv-09b",-33.3751674,115.3592853
"PR_20150528_032917_719_AC16",0,0,0,0,0,0,0,0,0,0,0,0,0,0,0,0,0,0,0,0,0,0,0,2,2,"AUV2015","r20150528_023906_wa-gb-auv-09b",-33.3749698,115.3592712
"PR_20150528_032938_727_AC16",0,0,0,0,0,0,0,0,0,0,0,0,0,0,0,0,0,0,0,0,0,0,0,1,1,"AUV2015","r20150528_023906_wa-gb-auv-09b",-33.374773,115.3592696
"PR_20150528_032959_734_AC16",0,0,0,0,0,0,0,0,0,0,0,0,0,0,0,0,0,0,0,0,0,0,0,2,2,"AUV2015","r20150528_023906_wa-gb-auv-09b",-33.3745743,115.3592639
"PR_20150528_052707_832_FC16",0,0,0,0,0,0,0,0,0,0,0,0,0,0,0,0,0,0,0,0,0,0,10,15,25,"AUV2015","r20150528_044923_wa-gb-auv-11b",-33.3642822,115.235341
"PR_20150528_052728_840_FC16",0,0,1,0,0,0,0,0,0,3,0,0,0,0,0,0,0,0,0,0,0,0,19,2,25,"AUV2015","r20150528_044923_wa-gb-auv-11b",-33.3640683,115.2353642
"PR_20150528_052749_848_FC16",0,0,0,0,0,0,0,0,0,1,0,0,0,0,0,0,0,0,0,0,0,0,9,15,25,"AUV2015","r20150528_044923_wa-gb-auv-11b",-33.3638629,115.2353784
"PR_20150528_052810_855_FC16",0,0,0,0,0,0,0,0,0,0,0,0,0,0,0,0,0,0,0,0,0,0,23,2,25,"AUV2015","r20150528_044923_wa-gb-auv-11b",-33.3636526,115.2353811
"PR_20150528_052831_860_FC16",0,0,0,0,0,0,0,0,0,0,0,0,0,0,0,0,0,0,0,0,0,0,0,11,11,"AUV2015","r20150528_044923_wa-gb-auv-11b",-33.3634514,115.2353955
"PR_20150528_052852_866_FC16",0,0,0,0,0,0,0,0,0,0,0,0,0,0,0,0,0,0,0,0,0,0,11,14,25,"AUV2015","r20150528_044923_wa-gb-auv-11b",-33.3632562,115.2354002
"PR_20150528_052913_873_FC16",0,0,1,0,0,0,0,0,0,0,0,0,0,0,0,0,0,0,0,0,0,0,0,23,24,"AUV2015","r20150528_044923_wa-gb-auv-11b",-33.3630676,115.2354014
"PR_20150528_052924_376_FC16",0,0,0,0,0,0,0,0,0,0,0,0,0,0,0,0,0,0,0,0,0,0,25,0,25,"AUV2015","r20150528_044923_wa-gb-auv-11b",-33.3629682,115.235396
"PR_20150529_033101_177_FC16",0,0,0,0,0,0,0,0,0,0,0,0,0,0,0,0,0,0,0,0,0,0,0,25,25,"AUV2015","r20150529_031600_wa-gb-auv-14c",-33.350592,115.1111177
"PR_20150529_043256_833_FC16",0,0,0,0,0,0,0,0,0,0,0,0,0,0,0,0,0,0,0,0,0,0,0,25,25,"AUV2015","r20150529_042328_wa-gb-auv-15c",-33.4503933,115.0933751
"PR_20150529_043317_837_FC16",0,0,0,0,0,0,0,0,0,2,0,0,0,0,0,0,0,0,0,0,0,0,0,7,9,"AUV2015","r20150529_042328_wa-gb-auv-15c",-33.4502632,115.0934771
"PR_20150529_043338_841_FC16",1,0,0,0,0,0,0,0,0,0,0,0,0,0,0,0,0,0,0,0,0,0,0,24,25,"AUV2015","r20150529_042328_wa-gb-auv-15c",-33.4501623,115.0933764
"PR_20150529_043359_844_FC16",0,0,0,0,0,0,0,0,0,0,0,0,0,3,0,0,0,0,0,0,0,0,8,14,25,"AUV2015","r20150529_042328_wa-gb-auv-15c",-33.4500576,115.0932044
"PR_20150529_043420_847_FC16",0,0,0,0,0,0,0,0,0,0,0,0,0,0,0,0,0,0,0,0,0,0,0,25,25,"AUV2015","r20150529_042328_wa-gb-auv-15c",-33.4499456,115.093051
"PR_20150529_043441_852_FC16",3,0,0,0,0,0,0,0,0,0,0,0,0,0,0,0,0,0,0,0,0,0,0,11,14,"AUV2015","r20150529_042328_wa-gb-auv-15c",-33.4498847,115.0928849
"PR_20150529_043502_854_FC16",1,0,0,0,0,0,0,0,0,0,0,0,0,0,0,0,0,0,0,0,0,0,6,18,25,"AUV2015","r20150529_042328_wa-gb-auv-15c",-33.4500167,115.0928436
"PR_20150529_043523_857_FC16",0,0,0,0,0,0,0,0,0,2,0,0,0,0,0,0,0,0,0,0,0,0,0,23,25,"AUV2015","r20150529_042328_wa-gb-auv-15c",-33.450152,115.0927232
"PR_20150529_043544_860_FC16",0,0,0,0,0,0,0,0,0,1,0,0,0,0,0,0,0,0,0,0,0,0,5,13,19,"AUV2015","r20150529_042328_wa-gb-auv-15c",-33.4502902,115.0926159
"PR_20150529_043605_862_FC16",0,0,0,0,0,0,0,0,0,0,0,0,0,0,0,0,0,0,0,0,0,0,14,11,25,"AUV2015","r20150529_042328_wa-gb-auv-15c",-33.4504286,115.0925067
"PR_20150529_043626_865_FC16",0,0,0,0,0,0,0,0,0,0,0,0,0,0,0,0,0,0,0,0,0,0,16,9,25,"AUV2015","r20150529_042328_wa-gb-auv-15c",-33.4504456,115.0923679
"PR_20150529_043647_870_FC16",0,0,0,0,0,0,0,0,0,0,0,0,0,0,0,0,0,0,0,0,0,0,25,0,25,"AUV2015","r20150529_042328_wa-gb-auv-15c",-33.4503291,115.0922158
"PR_20150529_043708_875_FC16",0,0,0,0,0,0,0,0,0,1,0,0,0,0,0,0,0,0,0,0,0,0,0,15,16,"AUV2015","r20150529_042328_wa-gb-auv-15c",-33.4502146,115.0920605
"PR_20150529_043729_882_FC16",0,0,0,0,0,0,0,0,0,0,0,0,0,0,0,0,0,0,0,0,0,0,0,25,25,"AUV2015","r20150529_042328_wa-gb-auv-15c",-33.4500995,115.0919499
"PR_20150529_043750_887_FC16",1,0,0,0,0,0,0,0,0,0,0,0,0,0,0,0,0,0,0,0,0,0,13,11,25,"AUV2015","r20150529_042328_wa-gb-auv-15c",-33.4499795,115.0920739
"PR_20150529_043811_891_FC16",2,0,0,0,0,0,0,0,0,1,0,0,0,0,0,0,0,0,0,0,0,0,6,16,25,"AUV2015","r20150529_042328_wa-gb-auv-15c",-33.4498576,115.0921783
"PR_20150529_043832_898_FC16",0,0,0,0,0,0,0,0,0,0,0,0,0,0,0,0,0,0,0,0,0,0,18,7,25,"AUV2015","r20150529_042328_wa-gb-auv-15c",-33.4497359,115.0922936
"PR_20150529_043853_904_FC16",6,0,0,0,0,0,0,0,0,0,0,0,0,0,0,0,0,0,0,0,0,0,0,16,22,"AUV2015","r20150529_042328_wa-gb-auv-15c",-33.4496174,115.0924165
"PR_20150529_044059_924_FC16",0,0,0,0,0,0,0,0,0,0,0,0,0,0,0,0,0,0,0,0,0,0,7,18,25,"AUV2015","r20150529_042328_wa-gb-auv-15c",-33.4493995,115.0917286
"PR_20150529_044120_924_FC16",0,0,0,0,0,0,0,0,0,0,0,0,0,0,0,0,0,0,0,0,0,0,17,8,25,"AUV2015","r20150529_042328_wa-gb-auv-15c",-33.4495292,115.091614
"PR_20150529_044141_926_FC16",2,0,0,0,0,0,0,0,0,7,0,0,0,0,0,0,0,0,0,0,0,0,0,16,25,"AUV2015","r20150529_042328_wa-gb-auv-15c",-33.4496704,115.0914951
